tweet_id,dimension,method,model,score
['901760751152623616'],valence,rs10,gpt,7
['901760751152623616'],arousal,rs10,gpt,6
['901760751152623616'],dominance,rs10,gpt,5
['863364746577313792'],valence,rs10,gpt,9
['863364746577313792'],arousal,rs10,gpt,8
['863364746577313792'],dominance,rs10,gpt,6
['933639881145962498'],valence,rs10,gpt,5
['933639881145962498'],arousal,rs10,gpt,5
['933639881145962498'],dominance,rs10,gpt,5
['926920815198662657'],valence,rs10,gpt,6
['926920815198662657'],arousal,rs10,gpt,4
['926920815198662657'],dominance,rs10,gpt,6
['846751748672966657'],valence,rs10,gpt,6
['846751748672966657'],arousal,rs10,gpt,7
['846751748672966657'],dominance,rs10,gpt,7
['851888918207373312'],valence,rs10,gpt,6
['851888918207373312'],arousal,rs10,gpt,6
['851888918207373312'],dominance,rs10,gpt,8
['931428836029366274'],valence,rs10,gpt,2
['931428836029366274'],arousal,rs10,gpt,7
['931428836029366274'],dominance,rs10,gpt,3
['819864483141193728'],valence,rs10,gpt,6
['819864483141193728'],arousal,rs10,gpt,5
['819864483141193728'],dominance,rs10,gpt,7
['849011970204413952'],valence,rs10,gpt,1
['849011970204413952'],arousal,rs10,gpt,8
['849011970204413952'],dominance,rs10,gpt,3
['883029304875069440'],valence,rs10,gpt,7
['883029304875069440'],arousal,rs10,gpt,5
['883029304875069440'],dominance,rs10,gpt,6
['866905574822338561'],valence,rs10,gpt,7
['866905574822338561'],arousal,rs10,gpt,6
['866905574822338561'],dominance,rs10,gpt,6
['831873161750777858'],valence,rs10,gpt,2
['831873161750777858'],arousal,rs10,gpt,7
['831873161750777858'],dominance,rs10,gpt,6
['848169663716626432'],valence,rs10,gpt,8
['848169663716626432'],arousal,rs10,gpt,8
['848169663716626432'],dominance,rs10,gpt,6
['839145863217889282'],valence,rs10,gpt,2
['839145863217889282'],arousal,rs10,gpt,7
['839145863217889282'],dominance,rs10,gpt,3
['843889130606137344'],valence,rs10,gpt,8
['843889130606137344'],arousal,rs10,gpt,7
['843889130606137344'],dominance,rs10,gpt,8
['845724240552824832'],valence,rs10,gpt,6
['845724240552824832'],arousal,rs10,gpt,6
['845724240552824832'],dominance,rs10,gpt,7
['825837382029209601'],valence,rs10,gpt,9
['825837382029209601'],arousal,rs10,gpt,8
['825837382029209601'],dominance,rs10,gpt,6
['836691496636145664'],valence,rs10,gpt,6
['836691496636145664'],arousal,rs10,gpt,6
['836691496636145664'],dominance,rs10,gpt,7
['917057431599026176'],valence,rs10,gpt,4
['917057431599026176'],arousal,rs10,gpt,5
['917057431599026176'],dominance,rs10,gpt,3
['852576954435993600'],valence,rs10,gpt,3
['852576954435993600'],arousal,rs10,gpt,5
['852576954435993600'],dominance,rs10,gpt,3
['830134096567341056'],valence,rs10,gpt,6
['830134096567341056'],arousal,rs10,gpt,4
['830134096567341056'],dominance,rs10,gpt,6
['921324851658461185'],valence,rs10,gpt,2
['921324851658461185'],arousal,rs10,gpt,7
['921324851658461185'],dominance,rs10,gpt,7
['824645908784680960'],valence,rs10,gpt,6
['824645908784680960'],arousal,rs10,gpt,4
['824645908784680960'],dominance,rs10,gpt,5
['915059102874824704'],valence,rs10,gpt,7
['915059102874824704'],arousal,rs10,gpt,6
['915059102874824704'],dominance,rs10,gpt,6
['909035573385551872'],valence,rs10,gpt,4
['909035573385551872'],arousal,rs10,gpt,6
['909035573385551872'],dominance,rs10,gpt,6
['898957436526014466'],valence,rs10,gpt,4
['898957436526014466'],arousal,rs10,gpt,6
['898957436526014466'],dominance,rs10,gpt,7
['864837110527864832'],valence,rs10,gpt,3
['864837110527864832'],arousal,rs10,gpt,6
['864837110527864832'],dominance,rs10,gpt,7
['829085472332857344'],valence,rs10,gpt,8
['829085472332857344'],arousal,rs10,gpt,6
['829085472332857344'],dominance,rs10,gpt,6
['820002854136070144'],valence,rs10,gpt,3
['820002854136070144'],arousal,rs10,gpt,4
['820002854136070144'],dominance,rs10,gpt,4
['816343164676083714'],valence,rs10,gpt,8
['816343164676083714'],arousal,rs10,gpt,7
['816343164676083714'],dominance,rs10,gpt,6
['826774125087633409'],valence,rs10,gpt,8
['826774125087633409'],arousal,rs10,gpt,7
['826774125087633409'],dominance,rs10,gpt,6
['905505634631680000'],valence,rs10,gpt,8
['905505634631680000'],arousal,rs10,gpt,7
['905505634631680000'],dominance,rs10,gpt,6
['937464406115536896'],valence,rs10,gpt,2
['937464406115536896'],arousal,rs10,gpt,7
['937464406115536896'],dominance,rs10,gpt,3
['868813502097567745'],valence,rs10,gpt,6
['868813502097567745'],arousal,rs10,gpt,8
['868813502097567745'],dominance,rs10,gpt,4
['898633930911264768'],valence,rs10,gpt,7
['898633930911264768'],arousal,rs10,gpt,6
['898633930911264768'],dominance,rs10,gpt,4
['893399193737474048'],valence,rs10,gpt,2
['893399193737474048'],arousal,rs10,gpt,7
['893399193737474048'],dominance,rs10,gpt,6
['840555470788149248'],valence,rs10,gpt,8
['840555470788149248'],arousal,rs10,gpt,8
['840555470788149248'],dominance,rs10,gpt,6
['905162052817362945'],valence,rs10,gpt,6
['905162052817362945'],arousal,rs10,gpt,4
['905162052817362945'],dominance,rs10,gpt,4
['898238119144804352'],valence,rs10,gpt,7
['898238119144804352'],arousal,rs10,gpt,6
['898238119144804352'],dominance,rs10,gpt,5
['864764317597609985'],valence,rs10,gpt,6
['864764317597609985'],arousal,rs10,gpt,5
['864764317597609985'],dominance,rs10,gpt,5
['833266466342440960'],valence,rs10,gpt,8
['833266466342440960'],arousal,rs10,gpt,6
['833266466342440960'],dominance,rs10,gpt,7
['817407111378440195'],valence,rs10,gpt,6
['817407111378440195'],arousal,rs10,gpt,7
['817407111378440195'],dominance,rs10,gpt,6
['893852298807582720'],valence,rs10,gpt,3
['893852298807582720'],arousal,rs10,gpt,6
['893852298807582720'],dominance,rs10,gpt,4
['883987877922820100'],valence,rs10,gpt,3
['883987877922820100'],arousal,rs10,gpt,5
['883987877922820100'],dominance,rs10,gpt,6
['869116348806422528'],valence,rs10,gpt,8
['869116348806422528'],arousal,rs10,gpt,9
['869116348806422528'],dominance,rs10,gpt,6
['815557023366516736'],valence,rs10,gpt,4
['815557023366516736'],arousal,rs10,gpt,7
['815557023366516736'],dominance,rs10,gpt,5
['929386800522645508'],valence,rs10,gpt,8
['929386800522645508'],arousal,rs10,gpt,8
['929386800522645508'],dominance,rs10,gpt,8
['894977549989761028'],valence,rs10,gpt,7
['894977549989761028'],arousal,rs10,gpt,6
['894977549989761028'],dominance,rs10,gpt,6
['925426206710878208'],valence,rs10,gpt,7
['925426206710878208'],arousal,rs10,gpt,6
['925426206710878208'],dominance,rs10,gpt,6
['867703984580169730'],valence,rs10,gpt,3
['867703984580169730'],arousal,rs10,gpt,6
['867703984580169730'],dominance,rs10,gpt,3
['883023109460242432'],valence,rs10,gpt,7
['883023109460242432'],arousal,rs10,gpt,5
['883023109460242432'],dominance,rs10,gpt,5
['928300532124528642'],valence,rs10,gpt,4
['928300532124528642'],arousal,rs10,gpt,4
['928300532124528642'],dominance,rs10,gpt,5
['925041483568353280'],valence,rs10,gpt,6
['925041483568353280'],arousal,rs10,gpt,4
['925041483568353280'],dominance,rs10,gpt,6
['891356324289802240'],valence,rs10,gpt,8
['891356324289802240'],arousal,rs10,gpt,6
['891356324289802240'],dominance,rs10,gpt,6
['905158707486629889'],valence,rs10,gpt,7
['905158707486629889'],arousal,rs10,gpt,6
['905158707486629889'],dominance,rs10,gpt,4
['888471355435495425'],valence,rs10,gpt,7
['888471355435495425'],arousal,rs10,gpt,6
['888471355435495425'],dominance,rs10,gpt,7
['817801846337261568'],valence,rs10,gpt,6
['817801846337261568'],arousal,rs10,gpt,5
['817801846337261568'],dominance,rs10,gpt,5
['907637364759154689'],valence,rs10,gpt,8
['907637364759154689'],arousal,rs10,gpt,6
['907637364759154689'],dominance,rs10,gpt,6
['862031016478859265'],valence,rs10,gpt,6
['862031016478859265'],arousal,rs10,gpt,6
['862031016478859265'],dominance,rs10,gpt,6
['830331776258154496'],valence,rs10,gpt,1
['830331776258154496'],arousal,rs10,gpt,7
['830331776258154496'],dominance,rs10,gpt,4
['841354135349952513'],valence,rs10,gpt,7
['841354135349952513'],arousal,rs10,gpt,6
['841354135349952513'],dominance,rs10,gpt,6
['943208238039920640'],valence,rs10,gpt,6
['943208238039920640'],arousal,rs10,gpt,4
['943208238039920640'],dominance,rs10,gpt,6
['821233209107218432'],valence,rs10,gpt,2
['821233209107218432'],arousal,rs10,gpt,7
['821233209107218432'],dominance,rs10,gpt,3
['886531287103791104'],valence,rs10,gpt,5
['886531287103791104'],arousal,rs10,gpt,5
['886531287103791104'],dominance,rs10,gpt,5
['849654610558058496'],valence,rs10,gpt,6
['849654610558058496'],arousal,rs10,gpt,6
['849654610558058496'],dominance,rs10,gpt,6
['911557328897544193'],valence,rs10,gpt,7
['911557328897544193'],arousal,rs10,gpt,4
['911557328897544193'],dominance,rs10,gpt,4
['924442245297778689'],valence,rs10,gpt,9
['924442245297778689'],arousal,rs10,gpt,8
['924442245297778689'],dominance,rs10,gpt,6
['906447947092647936'],valence,rs10,gpt,3
['906447947092647936'],arousal,rs10,gpt,6
['906447947092647936'],dominance,rs10,gpt,4
['818366770989907968'],valence,rs10,gpt,2
['818366770989907968'],arousal,rs10,gpt,4
['818366770989907968'],dominance,rs10,gpt,3
['913759942208839681'],valence,rs10,gpt,7
['913759942208839681'],arousal,rs10,gpt,6
['913759942208839681'],dominance,rs10,gpt,6
['881112328653197312'],valence,rs10,gpt,9
['881112328653197312'],arousal,rs10,gpt,7
['881112328653197312'],dominance,rs10,gpt,6
['881595365551734784'],valence,rs10,gpt,4
['881595365551734784'],arousal,rs10,gpt,5
['881595365551734784'],dominance,rs10,gpt,4
['836997448715350020'],valence,rs10,gpt,8
['836997448715350020'],arousal,rs10,gpt,7
['836997448715350020'],dominance,rs10,gpt,6
['832979409518919681'],valence,rs10,gpt,8
['832979409518919681'],arousal,rs10,gpt,6
['832979409518919681'],dominance,rs10,gpt,6
['872197389276385280'],valence,rs10,gpt,9
['872197389276385280'],arousal,rs10,gpt,7
['872197389276385280'],dominance,rs10,gpt,7
['913127148994646021'],valence,rs10,gpt,3
['913127148994646021'],arousal,rs10,gpt,7
['913127148994646021'],dominance,rs10,gpt,5
['941257379060035584'],valence,rs10,gpt,4
['941257379060035584'],arousal,rs10,gpt,4
['941257379060035584'],dominance,rs10,gpt,4
['883090735326793733'],valence,rs10,gpt,6
['883090735326793733'],arousal,rs10,gpt,4
['883090735326793733'],dominance,rs10,gpt,5
['884809675413303296'],valence,rs10,gpt,8
['884809675413303296'],arousal,rs10,gpt,6
['884809675413303296'],dominance,rs10,gpt,6
['941799493917437955'],valence,rs10,gpt,6
['941799493917437955'],arousal,rs10,gpt,6
['941799493917437955'],dominance,rs10,gpt,6
['874318156629762048'],valence,rs10,gpt,7
['874318156629762048'],arousal,rs10,gpt,6
['874318156629762048'],dominance,rs10,gpt,6
['908986176438247425'],valence,rs10,gpt,8
['908986176438247425'],arousal,rs10,gpt,6
['908986176438247425'],dominance,rs10,gpt,6
['825106228770697216'],valence,rs10,gpt,8
['825106228770697216'],arousal,rs10,gpt,8
['825106228770697216'],dominance,rs10,gpt,6
['895773430737502209'],valence,rs10,gpt,6
['895773430737502209'],arousal,rs10,gpt,4
['895773430737502209'],dominance,rs10,gpt,6
['824353425966190593'],valence,rs10,gpt,9
['824353425966190593'],arousal,rs10,gpt,3
['824353425966190593'],dominance,rs10,gpt,6
['923249524981862400'],valence,rs10,gpt,7
['923249524981862400'],arousal,rs10,gpt,4
['923249524981862400'],dominance,rs10,gpt,5
['868644843614031872'],valence,rs10,gpt,7
['868644843614031872'],arousal,rs10,gpt,6
['868644843614031872'],dominance,rs10,gpt,6
['827911993709514754'],valence,rs10,gpt,2
['827911993709514754'],arousal,rs10,gpt,6
['827911993709514754'],dominance,rs10,gpt,3
['855700279915933698'],valence,rs10,gpt,8
['855700279915933698'],arousal,rs10,gpt,7
['855700279915933698'],dominance,rs10,gpt,6
['902227588009132032'],valence,rs10,gpt,6
['902227588009132032'],arousal,rs10,gpt,5
['902227588009132032'],dominance,rs10,gpt,5
['889056087009308672'],valence,rs10,gpt,6
['889056087009308672'],arousal,rs10,gpt,4
['889056087009308672'],dominance,rs10,gpt,5
['910900136376782848'],valence,rs10,gpt,8
['910900136376782848'],arousal,rs10,gpt,6
['910900136376782848'],dominance,rs10,gpt,6
['842646246192041985'],valence,rs10,gpt,2
['842646246192041985'],arousal,rs10,gpt,7
['842646246192041985'],dominance,rs10,gpt,7
['932714719814840320'],valence,rs10,gpt,4
['932714719814840320'],arousal,rs10,gpt,6
['932714719814840320'],dominance,rs10,gpt,7
['900839107684958208'],valence,rs10,gpt,9
['900839107684958208'],arousal,rs10,gpt,9
['900839107684958208'],dominance,rs10,gpt,8
['831967975611707392'],valence,rs10,gpt,7
['831967975611707392'],arousal,rs10,gpt,6
['831967975611707392'],dominance,rs10,gpt,4
['944973370520633344'],valence,rs10,gpt,4
['944973370520633344'],arousal,rs10,gpt,6
['944973370520633344'],dominance,rs10,gpt,3
['902141686612193281'],valence,rs10,gpt,1
['902141686612193281'],arousal,rs10,gpt,8
['902141686612193281'],dominance,rs10,gpt,7
['837728913325436929'],valence,rs10,gpt,1
['837728913325436929'],arousal,rs10,gpt,8
['837728913325436929'],dominance,rs10,gpt,2
['918513758036725761'],valence,rs10,gpt,9
['918513758036725761'],arousal,rs10,gpt,7
['918513758036725761'],dominance,rs10,gpt,6
['901760751152623616'],valence,rs10,mini,7
['901760751152623616'],arousal,rs10,mini,6
['901760751152623616'],dominance,rs10,mini,6
['863364746577313792'],valence,rs10,mini,9
['863364746577313792'],arousal,rs10,mini,8
['863364746577313792'],dominance,rs10,mini,6
['933639881145962498'],valence,rs10,mini,4
['933639881145962498'],arousal,rs10,mini,4
['933639881145962498'],dominance,rs10,mini,5
['926920815198662657'],valence,rs10,mini,6
['926920815198662657'],arousal,rs10,mini,4
['926920815198662657'],dominance,rs10,mini,6
['846751748672966657'],valence,rs10,mini,6
['846751748672966657'],arousal,rs10,mini,7
['846751748672966657'],dominance,rs10,mini,7
['851888918207373312'],valence,rs10,mini,4
['851888918207373312'],arousal,rs10,mini,5
['851888918207373312'],dominance,rs10,mini,7
['931428836029366274'],valence,rs10,mini,1
['931428836029366274'],arousal,rs10,mini,7
['931428836029366274'],dominance,rs10,mini,3
['819864483141193728'],valence,rs10,mini,7
['819864483141193728'],arousal,rs10,mini,4
['819864483141193728'],dominance,rs10,mini,6
['849011970204413952'],valence,rs10,mini,2
['849011970204413952'],arousal,rs10,mini,7
['849011970204413952'],dominance,rs10,mini,3
['883029304875069440'],valence,rs10,mini,7
['883029304875069440'],arousal,rs10,mini,5
['883029304875069440'],dominance,rs10,mini,6
['866905574822338561'],valence,rs10,mini,7
['866905574822338561'],arousal,rs10,mini,5
['866905574822338561'],dominance,rs10,mini,6
['831873161750777858'],valence,rs10,mini,2
['831873161750777858'],arousal,rs10,mini,6
['831873161750777858'],dominance,rs10,mini,6
['848169663716626432'],valence,rs10,mini,8
['848169663716626432'],arousal,rs10,mini,7
['848169663716626432'],dominance,rs10,mini,6
['839145863217889282'],valence,rs10,mini,2
['839145863217889282'],arousal,rs10,mini,7
['839145863217889282'],dominance,rs10,mini,3
['843889130606137344'],valence,rs10,mini,8
['843889130606137344'],arousal,rs10,mini,6
['843889130606137344'],dominance,rs10,mini,8
['845724240552824832'],valence,rs10,mini,6
['845724240552824832'],arousal,rs10,mini,4
['845724240552824832'],dominance,rs10,mini,6
['825837382029209601'],valence,rs10,mini,9
['825837382029209601'],arousal,rs10,mini,7
['825837382029209601'],dominance,rs10,mini,6
['836691496636145664'],valence,rs10,mini,6
['836691496636145664'],arousal,rs10,mini,6
['836691496636145664'],dominance,rs10,mini,7
['917057431599026176'],valence,rs10,mini,3
['917057431599026176'],arousal,rs10,mini,4
['917057431599026176'],dominance,rs10,mini,3
['852576954435993600'],valence,rs10,mini,3
['852576954435993600'],arousal,rs10,mini,5
['852576954435993600'],dominance,rs10,mini,4
['830134096567341056'],valence,rs10,mini,6
['830134096567341056'],arousal,rs10,mini,4
['830134096567341056'],dominance,rs10,mini,6
['921324851658461185'],valence,rs10,mini,2
['921324851658461185'],arousal,rs10,mini,6
['921324851658461185'],dominance,rs10,mini,7
['824645908784680960'],valence,rs10,mini,7
['824645908784680960'],arousal,rs10,mini,5
['824645908784680960'],dominance,rs10,mini,5
['915059102874824704'],valence,rs10,mini,7
['915059102874824704'],arousal,rs10,mini,5
['915059102874824704'],dominance,rs10,mini,6
['909035573385551872'],valence,rs10,mini,3
['909035573385551872'],arousal,rs10,mini,6
['909035573385551872'],dominance,rs10,mini,6
['898957436526014466'],valence,rs10,mini,2
['898957436526014466'],arousal,rs10,mini,6
['898957436526014466'],dominance,rs10,mini,7
['864837110527864832'],valence,rs10,mini,3
['864837110527864832'],arousal,rs10,mini,4
['864837110527864832'],dominance,rs10,mini,7
['829085472332857344'],valence,rs10,mini,7
['829085472332857344'],arousal,rs10,mini,5
['829085472332857344'],dominance,rs10,mini,6
['820002854136070144'],valence,rs10,mini,3
['820002854136070144'],arousal,rs10,mini,4
['820002854136070144'],dominance,rs10,mini,4
['816343164676083714'],valence,rs10,mini,7
['816343164676083714'],arousal,rs10,mini,6
['816343164676083714'],dominance,rs10,mini,6
['826774125087633409'],valence,rs10,mini,8
['826774125087633409'],arousal,rs10,mini,6
['826774125087633409'],dominance,rs10,mini,6
['905505634631680000'],valence,rs10,mini,7
['905505634631680000'],arousal,rs10,mini,6
['905505634631680000'],dominance,rs10,mini,6
['937464406115536896'],valence,rs10,mini,2
['937464406115536896'],arousal,rs10,mini,6
['937464406115536896'],dominance,rs10,mini,3
['868813502097567745'],valence,rs10,mini,7
['868813502097567745'],arousal,rs10,mini,8
['868813502097567745'],dominance,rs10,mini,6
['898633930911264768'],valence,rs10,mini,8
['898633930911264768'],arousal,rs10,mini,6
['898633930911264768'],dominance,rs10,mini,6
['893399193737474048'],valence,rs10,mini,2
['893399193737474048'],arousal,rs10,mini,7
['893399193737474048'],dominance,rs10,mini,6
['840555470788149248'],valence,rs10,mini,8
['840555470788149248'],arousal,rs10,mini,7
['840555470788149248'],dominance,rs10,mini,6
['905162052817362945'],valence,rs10,mini,3
['905162052817362945'],arousal,rs10,mini,6
['905162052817362945'],dominance,rs10,mini,4
['898238119144804352'],valence,rs10,mini,7
['898238119144804352'],arousal,rs10,mini,6
['898238119144804352'],dominance,rs10,mini,5
['864764317597609985'],valence,rs10,mini,6
['864764317597609985'],arousal,rs10,mini,5
['864764317597609985'],dominance,rs10,mini,6
['833266466342440960'],valence,rs10,mini,7
['833266466342440960'],arousal,rs10,mini,5
['833266466342440960'],dominance,rs10,mini,6
['817407111378440195'],valence,rs10,mini,8
['817407111378440195'],arousal,rs10,mini,6
['817407111378440195'],dominance,rs10,mini,6
['893852298807582720'],valence,rs10,mini,8
['893852298807582720'],arousal,rs10,mini,6
['893852298807582720'],dominance,rs10,mini,6
['883987877922820100'],valence,rs10,mini,4
['883987877922820100'],arousal,rs10,mini,5
['883987877922820100'],dominance,rs10,mini,7
['869116348806422528'],valence,rs10,mini,8
['869116348806422528'],arousal,rs10,mini,7
['869116348806422528'],dominance,rs10,mini,6
['815557023366516736'],valence,rs10,mini,6
['815557023366516736'],arousal,rs10,mini,6
['815557023366516736'],dominance,rs10,mini,5
['929386800522645508'],valence,rs10,mini,8
['929386800522645508'],arousal,rs10,mini,8
['929386800522645508'],dominance,rs10,mini,7
['894977549989761028'],valence,rs10,mini,7
['894977549989761028'],arousal,rs10,mini,6
['894977549989761028'],dominance,rs10,mini,6
['925426206710878208'],valence,rs10,mini,7
['925426206710878208'],arousal,rs10,mini,5
['925426206710878208'],dominance,rs10,mini,6
['867703984580169730'],valence,rs10,mini,2
['867703984580169730'],arousal,rs10,mini,6
['867703984580169730'],dominance,rs10,mini,3
['883023109460242432'],valence,rs10,mini,4
['883023109460242432'],arousal,rs10,mini,5
['883023109460242432'],dominance,rs10,mini,6
['928300532124528642'],valence,rs10,mini,4
['928300532124528642'],arousal,rs10,mini,3
['928300532124528642'],dominance,rs10,mini,5
['925041483568353280'],valence,rs10,mini,6
['925041483568353280'],arousal,rs10,mini,4
['925041483568353280'],dominance,rs10,mini,5
['891356324289802240'],valence,rs10,mini,8
['891356324289802240'],arousal,rs10,mini,5
['891356324289802240'],dominance,rs10,mini,6
['905158707486629889'],valence,rs10,mini,8
['905158707486629889'],arousal,rs10,mini,6
['905158707486629889'],dominance,rs10,mini,6
['888471355435495425'],valence,rs10,mini,7
['888471355435495425'],arousal,rs10,mini,7
['888471355435495425'],dominance,rs10,mini,6
['817801846337261568'],valence,rs10,mini,6
['817801846337261568'],arousal,rs10,mini,5
['817801846337261568'],dominance,rs10,mini,6
['907637364759154689'],valence,rs10,mini,8
['907637364759154689'],arousal,rs10,mini,5
['907637364759154689'],dominance,rs10,mini,6
['862031016478859265'],valence,rs10,mini,7
['862031016478859265'],arousal,rs10,mini,6
['862031016478859265'],dominance,rs10,mini,6
['830331776258154496'],valence,rs10,mini,1
['830331776258154496'],arousal,rs10,mini,6
['830331776258154496'],dominance,rs10,mini,3
['841354135349952513'],valence,rs10,mini,6
['841354135349952513'],arousal,rs10,mini,5
['841354135349952513'],dominance,rs10,mini,5
['943208238039920640'],valence,rs10,mini,6
['943208238039920640'],arousal,rs10,mini,4
['943208238039920640'],dominance,rs10,mini,5
['821233209107218432'],valence,rs10,mini,2
['821233209107218432'],arousal,rs10,mini,6
['821233209107218432'],dominance,rs10,mini,3
['886531287103791104'],valence,rs10,mini,7
['886531287103791104'],arousal,rs10,mini,5
['886531287103791104'],dominance,rs10,mini,6
['849654610558058496'],valence,rs10,mini,4
['849654610558058496'],arousal,rs10,mini,5
['849654610558058496'],dominance,rs10,mini,4
['911557328897544193'],valence,rs10,mini,6
['911557328897544193'],arousal,rs10,mini,4
['911557328897544193'],dominance,rs10,mini,3
['924442245297778689'],valence,rs10,mini,8
['924442245297778689'],arousal,rs10,mini,7
['924442245297778689'],dominance,rs10,mini,6
['906447947092647936'],valence,rs10,mini,3
['906447947092647936'],arousal,rs10,mini,4
['906447947092647936'],dominance,rs10,mini,3
['818366770989907968'],valence,rs10,mini,4
['818366770989907968'],arousal,rs10,mini,6
['818366770989907968'],dominance,rs10,mini,3
['913759942208839681'],valence,rs10,mini,7
['913759942208839681'],arousal,rs10,mini,6
['913759942208839681'],dominance,rs10,mini,6
['881112328653197312'],valence,rs10,mini,9
['881112328653197312'],arousal,rs10,mini,7
['881112328653197312'],dominance,rs10,mini,6
['881595365551734784'],valence,rs10,mini,4
['881595365551734784'],arousal,rs10,mini,4
['881595365551734784'],dominance,rs10,mini,5
['836997448715350020'],valence,rs10,mini,8
['836997448715350020'],arousal,rs10,mini,6
['836997448715350020'],dominance,rs10,mini,6
['832979409518919681'],valence,rs10,mini,8
['832979409518919681'],arousal,rs10,mini,5
['832979409518919681'],dominance,rs10,mini,7
['872197389276385280'],valence,rs10,mini,9
['872197389276385280'],arousal,rs10,mini,7
['872197389276385280'],dominance,rs10,mini,7
['913127148994646021'],valence,rs10,mini,3
['913127148994646021'],arousal,rs10,mini,5
['913127148994646021'],dominance,rs10,mini,6
['941257379060035584'],valence,rs10,mini,4
['941257379060035584'],arousal,rs10,mini,3
['941257379060035584'],dominance,rs10,mini,5
['883090735326793733'],valence,rs10,mini,7
['883090735326793733'],arousal,rs10,mini,4
['883090735326793733'],dominance,rs10,mini,5
['884809675413303296'],valence,rs10,mini,8
['884809675413303296'],arousal,rs10,mini,5
['884809675413303296'],dominance,rs10,mini,6
['941799493917437955'],valence,rs10,mini,4
['941799493917437955'],arousal,rs10,mini,4
['941799493917437955'],dominance,rs10,mini,6
['874318156629762048'],valence,rs10,mini,7
['874318156629762048'],arousal,rs10,mini,6
['874318156629762048'],dominance,rs10,mini,7
['908986176438247425'],valence,rs10,mini,8
['908986176438247425'],arousal,rs10,mini,5
['908986176438247425'],dominance,rs10,mini,6
['825106228770697216'],valence,rs10,mini,7
['825106228770697216'],arousal,rs10,mini,7
['825106228770697216'],dominance,rs10,mini,5
['895773430737502209'],valence,rs10,mini,6
['895773430737502209'],arousal,rs10,mini,3
['895773430737502209'],dominance,rs10,mini,6
['824353425966190593'],valence,rs10,mini,9
['824353425966190593'],arousal,rs10,mini,2
['824353425966190593'],dominance,rs10,mini,5
['923249524981862400'],valence,rs10,mini,7
['923249524981862400'],arousal,rs10,mini,4
['923249524981862400'],dominance,rs10,mini,6
['868644843614031872'],valence,rs10,mini,3
['868644843614031872'],arousal,rs10,mini,6
['868644843614031872'],dominance,rs10,mini,7
['827911993709514754'],valence,rs10,mini,2
['827911993709514754'],arousal,rs10,mini,6
['827911993709514754'],dominance,rs10,mini,3
['855700279915933698'],valence,rs10,mini,8
['855700279915933698'],arousal,rs10,mini,7
['855700279915933698'],dominance,rs10,mini,6
['902227588009132032'],valence,rs10,mini,6
['902227588009132032'],arousal,rs10,mini,4
['902227588009132032'],dominance,rs10,mini,5
['889056087009308672'],valence,rs10,mini,4
['889056087009308672'],arousal,rs10,mini,4
['889056087009308672'],dominance,rs10,mini,5
['910900136376782848'],valence,rs10,mini,8
['910900136376782848'],arousal,rs10,mini,5
['910900136376782848'],dominance,rs10,mini,6
['842646246192041985'],valence,rs10,mini,2
['842646246192041985'],arousal,rs10,mini,6
['842646246192041985'],dominance,rs10,mini,7
['932714719814840320'],valence,rs10,mini,4
['932714719814840320'],arousal,rs10,mini,5
['932714719814840320'],dominance,rs10,mini,7
['900839107684958208'],valence,rs10,mini,9
['900839107684958208'],arousal,rs10,mini,8
['900839107684958208'],dominance,rs10,mini,7
['831967975611707392'],valence,rs10,mini,7
['831967975611707392'],arousal,rs10,mini,4
['831967975611707392'],dominance,rs10,mini,6
['944973370520633344'],valence,rs10,mini,6
['944973370520633344'],arousal,rs10,mini,5
['944973370520633344'],dominance,rs10,mini,4
['902141686612193281'],valence,rs10,mini,2
['902141686612193281'],arousal,rs10,mini,7
['902141686612193281'],dominance,rs10,mini,7
['837728913325436929'],valence,rs10,mini,1
['837728913325436929'],arousal,rs10,mini,7
['837728913325436929'],dominance,rs10,mini,2
['918513758036725761'],valence,rs10,mini,9
['918513758036725761'],arousal,rs10,mini,6
['918513758036725761'],dominance,rs10,mini,6
['901760751152623616'],valence,rs10,nano,7
['901760751152623616'],arousal,rs10,nano,6
['901760751152623616'],dominance,rs10,nano,6
['863364746577313792'],valence,rs10,nano,9
['863364746577313792'],arousal,rs10,nano,8
['863364746577313792'],dominance,rs10,nano,5
['933639881145962498'],valence,rs10,nano,3
['933639881145962498'],arousal,rs10,nano,4
['933639881145962498'],dominance,rs10,nano,3
['926920815198662657'],valence,rs10,nano,6
['926920815198662657'],arousal,rs10,nano,5
['926920815198662657'],dominance,rs10,nano,5
['846751748672966657'],valence,rs10,nano,7
['846751748672966657'],arousal,rs10,nano,6
['846751748672966657'],dominance,rs10,nano,6
['851888918207373312'],valence,rs10,nano,4
['851888918207373312'],arousal,rs10,nano,4
['851888918207373312'],dominance,rs10,nano,7
['931428836029366274'],valence,rs10,nano,2
['931428836029366274'],arousal,rs10,nano,8
['931428836029366274'],dominance,rs10,nano,6
['819864483141193728'],valence,rs10,nano,7
['819864483141193728'],arousal,rs10,nano,3
['819864483141193728'],dominance,rs10,nano,6
['849011970204413952'],valence,rs10,nano,1
['849011970204413952'],arousal,rs10,nano,8
['849011970204413952'],dominance,rs10,nano,2
['883029304875069440'],valence,rs10,nano,7
['883029304875069440'],arousal,rs10,nano,5
['883029304875069440'],dominance,rs10,nano,5
['866905574822338561'],valence,rs10,nano,6
['866905574822338561'],arousal,rs10,nano,7
['866905574822338561'],dominance,rs10,nano,3
['831873161750777858'],valence,rs10,nano,3
['831873161750777858'],arousal,rs10,nano,7
['831873161750777858'],dominance,rs10,nano,6
['848169663716626432'],valence,rs10,nano,7
['848169663716626432'],arousal,rs10,nano,8
['848169663716626432'],dominance,rs10,nano,6
['839145863217889282'],valence,rs10,nano,2
['839145863217889282'],arousal,rs10,nano,6
['839145863217889282'],dominance,rs10,nano,3
['843889130606137344'],valence,rs10,nano,8
['843889130606137344'],arousal,rs10,nano,7
['843889130606137344'],dominance,rs10,nano,7
['845724240552824832'],valence,rs10,nano,4
['845724240552824832'],arousal,rs10,nano,6
['845724240552824832'],dominance,rs10,nano,4
['825837382029209601'],valence,rs10,nano,8
['825837382029209601'],arousal,rs10,nano,7
['825837382029209601'],dominance,rs10,nano,6
['836691496636145664'],valence,rs10,nano,7
['836691496636145664'],arousal,rs10,nano,6
['836691496636145664'],dominance,rs10,nano,6
['917057431599026176'],valence,rs10,nano,2
['917057431599026176'],arousal,rs10,nano,6
['917057431599026176'],dominance,rs10,nano,2
['852576954435993600'],valence,rs10,nano,3
['852576954435993600'],arousal,rs10,nano,5
['852576954435993600'],dominance,rs10,nano,4
['830134096567341056'],valence,rs10,nano,6
['830134096567341056'],arousal,rs10,nano,5
['830134096567341056'],dominance,rs10,nano,5
['921324851658461185'],valence,rs10,nano,1
['921324851658461185'],arousal,rs10,nano,7
['921324851658461185'],dominance,rs10,nano,3
['824645908784680960'],valence,rs10,nano,7
['824645908784680960'],arousal,rs10,nano,4
['824645908784680960'],dominance,rs10,nano,5
['915059102874824704'],valence,rs10,nano,3
['915059102874824704'],arousal,rs10,nano,6
['915059102874824704'],dominance,rs10,nano,6
['909035573385551872'],valence,rs10,nano,2
['909035573385551872'],arousal,rs10,nano,7
['909035573385551872'],dominance,rs10,nano,4
['898957436526014466'],valence,rs10,nano,7
['898957436526014466'],arousal,rs10,nano,6
['898957436526014466'],dominance,rs10,nano,6
['864837110527864832'],valence,rs10,nano,3
['864837110527864832'],arousal,rs10,nano,5
['864837110527864832'],dominance,rs10,nano,6
['829085472332857344'],valence,rs10,nano,7
['829085472332857344'],arousal,rs10,nano,6
['829085472332857344'],dominance,rs10,nano,6
['820002854136070144'],valence,rs10,nano,3
['820002854136070144'],arousal,rs10,nano,6
['820002854136070144'],dominance,rs10,nano,5
['816343164676083714'],valence,rs10,nano,8
['816343164676083714'],arousal,rs10,nano,6
['816343164676083714'],dominance,rs10,nano,6
['826774125087633409'],valence,rs10,nano,8
['826774125087633409'],arousal,rs10,nano,7
['826774125087633409'],dominance,rs10,nano,6
['905505634631680000'],valence,rs10,nano,8
['905505634631680000'],arousal,rs10,nano,7
['905505634631680000'],dominance,rs10,nano,6
['937464406115536896'],valence,rs10,nano,2
['937464406115536896'],arousal,rs10,nano,6
['937464406115536896'],dominance,rs10,nano,3
['868813502097567745'],valence,rs10,nano,7
['868813502097567745'],arousal,rs10,nano,8
['868813502097567745'],dominance,rs10,nano,5
['898633930911264768'],valence,rs10,nano,6
['898633930911264768'],arousal,rs10,nano,6
['898633930911264768'],dominance,rs10,nano,4
['893399193737474048'],valence,rs10,nano,2
['893399193737474048'],arousal,rs10,nano,8
['893399193737474048'],dominance,rs10,nano,6
['840555470788149248'],valence,rs10,nano,8
['840555470788149248'],arousal,rs10,nano,7
['840555470788149248'],dominance,rs10,nano,6
['905162052817362945'],valence,rs10,nano,4
['905162052817362945'],arousal,rs10,nano,3
['905162052817362945'],dominance,rs10,nano,4
['898238119144804352'],valence,rs10,nano,7
['898238119144804352'],arousal,rs10,nano,6
['898238119144804352'],dominance,rs10,nano,6
['864764317597609985'],valence,rs10,nano,4
['864764317597609985'],arousal,rs10,nano,5
['864764317597609985'],dominance,rs10,nano,4
['833266466342440960'],valence,rs10,nano,8
['833266466342440960'],arousal,rs10,nano,6
['833266466342440960'],dominance,rs10,nano,6
['817407111378440195'],valence,rs10,nano,6
['817407111378440195'],arousal,rs10,nano,7
['817407111378440195'],dominance,rs10,nano,4
['893852298807582720'],valence,rs10,nano,8
['893852298807582720'],arousal,rs10,nano,7
['893852298807582720'],dominance,rs10,nano,5
['883987877922820100'],valence,rs10,nano,4
['883987877922820100'],arousal,rs10,nano,3
['883987877922820100'],dominance,rs10,nano,5
['869116348806422528'],valence,rs10,nano,8
['869116348806422528'],arousal,rs10,nano,7
['869116348806422528'],dominance,rs10,nano,6
['815557023366516736'],valence,rs10,nano,3
['815557023366516736'],arousal,rs10,nano,6
['815557023366516736'],dominance,rs10,nano,3
['929386800522645508'],valence,rs10,nano,9
['929386800522645508'],arousal,rs10,nano,8
['929386800522645508'],dominance,rs10,nano,7
['894977549989761028'],valence,rs10,nano,7
['894977549989761028'],arousal,rs10,nano,5
['894977549989761028'],dominance,rs10,nano,6
['925426206710878208'],valence,rs10,nano,8
['925426206710878208'],arousal,rs10,nano,7
['925426206710878208'],dominance,rs10,nano,5
['867703984580169730'],valence,rs10,nano,3
['867703984580169730'],arousal,rs10,nano,6
['867703984580169730'],dominance,rs10,nano,3
['883023109460242432'],valence,rs10,nano,7
['883023109460242432'],arousal,rs10,nano,6
['883023109460242432'],dominance,rs10,nano,5
['928300532124528642'],valence,rs10,nano,3
['928300532124528642'],arousal,rs10,nano,4
['928300532124528642'],dominance,rs10,nano,4
['925041483568353280'],valence,rs10,nano,6
['925041483568353280'],arousal,rs10,nano,4
['925041483568353280'],dominance,rs10,nano,5
['891356324289802240'],valence,rs10,nano,8
['891356324289802240'],arousal,rs10,nano,6
['891356324289802240'],dominance,rs10,nano,5
['905158707486629889'],valence,rs10,nano,8
['905158707486629889'],arousal,rs10,nano,7
['905158707486629889'],dominance,rs10,nano,6
['888471355435495425'],valence,rs10,nano,7
['888471355435495425'],arousal,rs10,nano,6
['888471355435495425'],dominance,rs10,nano,6
['817801846337261568'],valence,rs10,nano,4
['817801846337261568'],arousal,rs10,nano,6
['817801846337261568'],dominance,rs10,nano,4
['907637364759154689'],valence,rs10,nano,8
['907637364759154689'],arousal,rs10,nano,6
['907637364759154689'],dominance,rs10,nano,5
['862031016478859265'],valence,rs10,nano,8
['862031016478859265'],arousal,rs10,nano,6
['862031016478859265'],dominance,rs10,nano,6
['830331776258154496'],valence,rs10,nano,2
['830331776258154496'],arousal,rs10,nano,6
['830331776258154496'],dominance,rs10,nano,3
['841354135349952513'],valence,rs10,nano,2
['841354135349952513'],arousal,rs10,nano,6
['841354135349952513'],dominance,rs10,nano,3
['943208238039920640'],valence,rs10,nano,6
['943208238039920640'],arousal,rs10,nano,6
['943208238039920640'],dominance,rs10,nano,4
['821233209107218432'],valence,rs10,nano,6
['821233209107218432'],arousal,rs10,nano,8
['821233209107218432'],dominance,rs10,nano,4
['886531287103791104'],valence,rs10,nano,5
['886531287103791104'],arousal,rs10,nano,5
['886531287103791104'],dominance,rs10,nano,5
['849654610558058496'],valence,rs10,nano,8
['849654610558058496'],arousal,rs10,nano,6
['849654610558058496'],dominance,rs10,nano,7
['911557328897544193'],valence,rs10,nano,7
['911557328897544193'],arousal,rs10,nano,4
['911557328897544193'],dominance,rs10,nano,3
['924442245297778689'],valence,rs10,nano,9
['924442245297778689'],arousal,rs10,nano,8
['924442245297778689'],dominance,rs10,nano,6
['906447947092647936'],valence,rs10,nano,2
['906447947092647936'],arousal,rs10,nano,6
['906447947092647936'],dominance,rs10,nano,2
['818366770989907968'],valence,rs10,nano,6
['818366770989907968'],arousal,rs10,nano,7
['818366770989907968'],dominance,rs10,nano,4
['913759942208839681'],valence,rs10,nano,6
['913759942208839681'],arousal,rs10,nano,6
['913759942208839681'],dominance,rs10,nano,6
['881112328653197312'],valence,rs10,nano,9
['881112328653197312'],arousal,rs10,nano,7
['881112328653197312'],dominance,rs10,nano,6
['881595365551734784'],valence,rs10,nano,3
['881595365551734784'],arousal,rs10,nano,4
['881595365551734784'],dominance,rs10,nano,5
['836997448715350020'],valence,rs10,nano,8
['836997448715350020'],arousal,rs10,nano,6
['836997448715350020'],dominance,rs10,nano,6
['832979409518919681'],valence,rs10,nano,8
['832979409518919681'],arousal,rs10,nano,7
['832979409518919681'],dominance,rs10,nano,6
['872197389276385280'],valence,rs10,nano,9
['872197389276385280'],arousal,rs10,nano,8
['872197389276385280'],dominance,rs10,nano,7
['913127148994646021'],valence,rs10,nano,3
['913127148994646021'],arousal,rs10,nano,6
['913127148994646021'],dominance,rs10,nano,4
['941257379060035584'],valence,rs10,nano,4
['941257379060035584'],arousal,rs10,nano,6
['941257379060035584'],dominance,rs10,nano,4
['883090735326793733'],valence,rs10,nano,8
['883090735326793733'],arousal,rs10,nano,4
['883090735326793733'],dominance,rs10,nano,6
['884809675413303296'],valence,rs10,nano,8
['884809675413303296'],arousal,rs10,nano,6
['884809675413303296'],dominance,rs10,nano,5
['941799493917437955'],valence,rs10,nano,6
['941799493917437955'],arousal,rs10,nano,4
['941799493917437955'],dominance,rs10,nano,5
['874318156629762048'],valence,rs10,nano,6
['874318156629762048'],arousal,rs10,nano,5
['874318156629762048'],dominance,rs10,nano,6
['908986176438247425'],valence,rs10,nano,8
['908986176438247425'],arousal,rs10,nano,6
['908986176438247425'],dominance,rs10,nano,6
['825106228770697216'],valence,rs10,nano,8
['825106228770697216'],arousal,rs10,nano,8
['825106228770697216'],dominance,rs10,nano,5
['895773430737502209'],valence,rs10,nano,6
['895773430737502209'],arousal,rs10,nano,4
['895773430737502209'],dominance,rs10,nano,5
['824353425966190593'],valence,rs10,nano,8
['824353425966190593'],arousal,rs10,nano,3
['824353425966190593'],dominance,rs10,nano,6
['923249524981862400'],valence,rs10,nano,7
['923249524981862400'],arousal,rs10,nano,3
['923249524981862400'],dominance,rs10,nano,4
['868644843614031872'],valence,rs10,nano,3
['868644843614031872'],arousal,rs10,nano,7
['868644843614031872'],dominance,rs10,nano,7
['827911993709514754'],valence,rs10,nano,2
['827911993709514754'],arousal,rs10,nano,7
['827911993709514754'],dominance,rs10,nano,3
['855700279915933698'],valence,rs10,nano,8
['855700279915933698'],arousal,rs10,nano,6
['855700279915933698'],dominance,rs10,nano,6
['902227588009132032'],valence,rs10,nano,6
['902227588009132032'],arousal,rs10,nano,4
['902227588009132032'],dominance,rs10,nano,6
['889056087009308672'],valence,rs10,nano,6
['889056087009308672'],arousal,rs10,nano,4
['889056087009308672'],dominance,rs10,nano,5
['910900136376782848'],valence,rs10,nano,8
['910900136376782848'],arousal,rs10,nano,6
['910900136376782848'],dominance,rs10,nano,6
['842646246192041985'],valence,rs10,nano,2
['842646246192041985'],arousal,rs10,nano,6
['842646246192041985'],dominance,rs10,nano,6
['932714719814840320'],valence,rs10,nano,7
['932714719814840320'],arousal,rs10,nano,5
['932714719814840320'],dominance,rs10,nano,6
['900839107684958208'],valence,rs10,nano,9
['900839107684958208'],arousal,rs10,nano,8
['900839107684958208'],dominance,rs10,nano,7
['831967975611707392'],valence,rs10,nano,7
['831967975611707392'],arousal,rs10,nano,4
['831967975611707392'],dominance,rs10,nano,5
['944973370520633344'],valence,rs10,nano,4
['944973370520633344'],arousal,rs10,nano,4
['944973370520633344'],dominance,rs10,nano,5
['902141686612193281'],valence,rs10,nano,2
['902141686612193281'],arousal,rs10,nano,8
['902141686612193281'],dominance,rs10,nano,7
['837728913325436929'],valence,rs10,nano,1
['837728913325436929'],arousal,rs10,nano,8
['837728913325436929'],dominance,rs10,nano,2
['918513758036725761'],valence,rs10,nano,9
['918513758036725761'],arousal,rs10,nano,7
['918513758036725761'],dominance,rs10,nano,6
