item_id,tweet_id
rs_1,901760751152623616
rs_2,863364746577313792
rs_3,933639881145962498
rs_4,926920815198662657
rs_5,846751748672966657
rs_6,851888918207373312
rs_7,931428836029366274
rs_8,819864483141193728
rs_9,849011970204413952
rs_10,883029304875069440
rs_11,866905574822338561
rs_12,831873161750777858
rs_13,848169663716626432
rs_14,839145863217889282
rs_15,843889130606137344
rs_16,845724240552824832
rs_17,825837382029209601
rs_18,836691496636145664
rs_19,917057431599026176
rs_20,852576954435993600
rs_21,830134096567341056
rs_22,921324851658461185
rs_23,824645908784680960
rs_24,915059102874824704
rs_25,909035573385551872
rs_26,898957436526014466
rs_27,864837110527864832
rs_28,829085472332857344
rs_29,820002854136070144
rs_30,816343164676083714
rs_31,826774125087633409
rs_32,905505634631680000
rs_33,937464406115536896
rs_34,868813502097567745
rs_35,898633930911264768
rs_36,893399193737474048
rs_37,840555470788149248
rs_38,905162052817362945
rs_39,898238119144804352
rs_40,864764317597609985
rs_41,833266466342440960
rs_42,817407111378440195
rs_43,893852298807582720
rs_44,883987877922820100
rs_45,869116348806422528
rs_46,815557023366516736
rs_47,929386800522645508
rs_48,894977549989761028
rs_49,925426206710878208
rs_50,867703984580169730
rs_51,883023109460242432
rs_52,928300532124528642
rs_53,925041483568353280
rs_54,891356324289802240
rs_55,905158707486629889
rs_56,888471355435495425
rs_57,817801846337261568
rs_58,907637364759154689
rs_59,862031016478859265
rs_60,830331776258154496
rs_61,841354135349952513
rs_62,943208238039920640
rs_63,821233209107218432
rs_64,886531287103791104
rs_65,849654610558058496
rs_66,911557328897544193
rs_67,924442245297778689
rs_68,906447947092647936
rs_69,818366770989907968
rs_70,913759942208839681
rs_71,881112328653197312
rs_72,881595365551734784
rs_73,836997448715350020
rs_74,832979409518919681
rs_75,872197389276385280
rs_76,913127148994646021
rs_77,941257379060035584
rs_78,883090735326793733
rs_79,884809675413303296
rs_80,941799493917437955
rs_81,874318156629762048
rs_82,908986176438247425
rs_83,825106228770697216
rs_84,895773430737502209
rs_85,824353425966190593
rs_86,923249524981862400
rs_87,868644843614031872
rs_88,827911993709514754
rs_89,855700279915933698
rs_90,902227588009132032
rs_91,889056087009308672
rs_92,910900136376782848
rs_93,842646246192041985
rs_94,932714719814840320
rs_95,900839107684958208
rs_96,831967975611707392
rs_97,944973370520633344
rs_98,902141686612193281
rs_99,837728913325436929
rs_100,918513758036725761
