best,worst,option1,option2
['909035573385551872'],['864764317597609985'],['864764317597609985'],['909035573385551872']
['893399193737474048'],['864837110527864832'],['893399193737474048'],['864837110527864832']
['943208238039920640'],['910900136376782848'],['943208238039920640'],['910900136376782848']
['863364746577313792'],['911557328897544193'],['863364746577313792'],['911557328897544193']
['908986176438247425'],['933639881145962498'],['908986176438247425'],['933639881145962498']
['845724240552824832'],['923249524981862400'],['923249524981862400'],['845724240552824832']
['902141686612193281'],['830134096567341056'],['902141686612193281'],['830134096567341056']
['924442245297778689'],['889056087009308672'],['889056087009308672'],['924442245297778689']
['881112328653197312'],['818366770989907968'],['881112328653197312'],['818366770989907968']
['898633930911264768'],['833266466342440960'],['898633930911264768'],['833266466342440960']
['894977549989761028'],['819864483141193728'],['894977549989761028'],['819864483141193728']
['929386800522645508'],['816343164676083714'],['929386800522645508'],['816343164676083714']
['921324851658461185'],['839145863217889282'],['921324851658461185'],['839145863217889282']
['855700279915933698'],['817407111378440195'],['855700279915933698'],['817407111378440195']
['905505634631680000'],['928300532124528642'],['928300532124528642'],['905505634631680000']
['918513758036725761'],['817801846337261568'],['918513758036725761'],['817801846337261568']
['826774125087633409'],['915059102874824704'],['915059102874824704'],['826774125087633409']
['846751748672966657'],['881595365551734784'],['881595365551734784'],['846751748672966657']
['836997448715350020'],['820002854136070144'],['820002854136070144'],['836997448715350020']
['905158707486629889'],['883023109460242432'],['883023109460242432'],['905158707486629889']
['867703984580169730'],['917057431599026176'],['917057431599026176'],['867703984580169730']
['832979409518919681'],['905162052817362945'],['905162052817362945'],['832979409518919681']
['831873161750777858'],['824353425966190593'],['831873161750777858'],['824353425966190593']
['906447947092647936'],['891356324289802240'],['906447947092647936'],['891356324289802240']
['901760751152623616'],['944973370520633344'],['944973370520633344'],['901760751152623616']
['821233209107218432'],['895773430737502209'],['895773430737502209'],['821233209107218432']
['898957436526014466'],['886531287103791104'],['886531287103791104'],['898957436526014466']
['872197389276385280'],['837728913325436929'],['837728913325436929'],['872197389276385280']
['902227588009132032'],['925041483568353280'],['925041483568353280'],['902227588009132032']
['868644843614031872'],['932714719814840320'],['932714719814840320'],['868644843614031872']
['825837382029209601'],['827911993709514754'],['827911993709514754'],['825837382029209601']
['941257379060035584'],['851888918207373312'],['941257379060035584'],['851888918207373312']
['825106228770697216'],['926920815198662657'],['825106228770697216'],['926920815198662657']
['831967975611707392'],['852576954435993600'],['852576954435993600'],['831967975611707392']
['866905574822338561'],['829085472332857344'],['866905574822338561'],['829085472332857344']
['883090735326793733'],['824645908784680960'],['883090735326793733'],['824645908784680960']
['869116348806422528'],['883029304875069440'],['869116348806422528'],['883029304875069440']
['925426206710878208'],['898238119144804352'],['925426206710878208'],['898238119144804352']
['900839107684958208'],['888471355435495425'],['888471355435495425'],['900839107684958208']
['931428836029366274'],['883987877922820100'],['883987877922820100'],['931428836029366274']
['913127148994646021'],['913759942208839681'],['913759942208839681'],['913127148994646021']
['868813502097567745'],['841354135349952513'],['841354135349952513'],['868813502097567745']
['893852298807582720'],['830331776258154496'],['893852298807582720'],['830331776258154496']
['843889130606137344'],['941799493917437955'],['843889130606137344'],['941799493917437955']
['849011970204413952'],['862031016478859265'],['849011970204413952'],['862031016478859265']
['884809675413303296'],['840555470788149248'],['840555470788149248'],['884809675413303296']
['815557023366516736'],['874318156629762048'],['874318156629762048'],['815557023366516736']
['937464406115536896'],['842646246192041985'],['842646246192041985'],['937464406115536896']
['848169663716626432'],['849654610558058496'],['848169663716626432'],['849654610558058496']
['836691496636145664'],['907637364759154689'],['836691496636145664'],['907637364759154689']
['918513758036725761'],['881595365551734784'],['918513758036725761'],['881595365551734784']
['872197389276385280'],['830134096567341056'],['872197389276385280'],['830134096567341056']
['827911993709514754'],['842646246192041985'],['827911993709514754'],['842646246192041985']
['924442245297778689'],['883090735326793733'],['883090735326793733'],['924442245297778689']
['905505634631680000'],['901760751152623616'],['901760751152623616'],['905505634631680000']
['816343164676083714'],['836997448715350020'],['836997448715350020'],['816343164676083714']
['839145863217889282'],['851888918207373312'],['851888918207373312'],['839145863217889282']
['831967975611707392'],['883023109460242432'],['831967975611707392'],['883023109460242432']
['821233209107218432'],['909035573385551872'],['821233209107218432'],['909035573385551872']
['937464406115536896'],['908986176438247425'],['908986176438247425'],['937464406115536896']
['840555470788149248'],['862031016478859265'],['862031016478859265'],['840555470788149248']
['825106228770697216'],['941257379060035584'],['825106228770697216'],['941257379060035584']
['943208238039920640'],['864837110527864832'],['864837110527864832'],['943208238039920640']
['831873161750777858'],['891356324289802240'],['891356324289802240'],['831873161750777858']
['836691496636145664'],['833266466342440960'],['833266466342440960'],['836691496636145664']
['921324851658461185'],['905158707486629889'],['905158707486629889'],['921324851658461185']
['843889130606137344'],['889056087009308672'],['843889130606137344'],['889056087009308672']
['893399193737474048'],['830331776258154496'],['830331776258154496'],['893399193737474048']
['867703984580169730'],['886531287103791104'],['867703984580169730'],['886531287103791104']
['929386800522645508'],['855700279915933698'],['929386800522645508'],['855700279915933698']
['818366770989907968'],['925041483568353280'],['818366770989907968'],['925041483568353280']
['824645908784680960'],['883029304875069440'],['824645908784680960'],['883029304875069440']
['841354135349952513'],['832979409518919681'],['841354135349952513'],['832979409518919681']
['944973370520633344'],['895773430737502209'],['944973370520633344'],['895773430737502209']
['898633930911264768'],['902227588009132032'],['898633930911264768'],['902227588009132032']
['837728913325436929'],['925426206710878208'],['837728913325436929'],['925426206710878208']
['869116348806422528'],['817801846337261568'],['817801846337261568'],['869116348806422528']
['915059102874824704'],['917057431599026176'],['915059102874824704'],['917057431599026176']
['906447947092647936'],['898238119144804352'],['906447947092647936'],['898238119144804352']
['888471355435495425'],['913759942208839681'],['913759942208839681'],['888471355435495425']
['825837382029209601'],['923249524981862400'],['825837382029209601'],['923249524981862400']
['941799493917437955'],['907637364759154689'],['907637364759154689'],['941799493917437955']
['913127148994646021'],['894977549989761028'],['913127148994646021'],['894977549989761028']
['932714719814840320'],['905162052817362945'],['932714719814840320'],['905162052817362945']
['902141686612193281'],['852576954435993600'],['902141686612193281'],['852576954435993600']
['868644843614031872'],['898957436526014466'],['898957436526014466'],['868644843614031872']
['868813502097567745'],['863364746577313792'],['863364746577313792'],['868813502097567745']
['846751748672966657'],['849654610558058496'],['849654610558058496'],['846751748672966657']
['931428836029366274'],['848169663716626432'],['931428836029366274'],['848169663716626432']
['817407111378440195'],['926920815198662657'],['926920815198662657'],['817407111378440195']
['845724240552824832'],['911557328897544193'],['911557328897544193'],['845724240552824832']
['866905574822338561'],['883987877922820100'],['866905574822338561'],['883987877922820100']
['910900136376782848'],['824353425966190593'],['824353425966190593'],['910900136376782848']
['874318156629762048'],['884809675413303296'],['884809675413303296'],['874318156629762048']
['849011970204413952'],['881112328653197312'],['881112328653197312'],['849011970204413952']
['829085472332857344'],['819864483141193728'],['829085472332857344'],['819864483141193728']
['815557023366516736'],['928300532124528642'],['815557023366516736'],['928300532124528642']
['900839107684958208'],['820002854136070144'],['820002854136070144'],['900839107684958208']
['864764317597609985'],['933639881145962498'],['933639881145962498'],['864764317597609985']
['893852298807582720'],['826774125087633409'],['893852298807582720'],['826774125087633409']
['898957436526014466'],['905162052817362945'],['898957436526014466'],['905162052817362945']
['937464406115536896'],['905505634631680000'],['905505634631680000'],['937464406115536896']
['866905574822338561'],['918513758036725761'],['918513758036725761'],['866905574822338561']
['874318156629762048'],['941257379060035584'],['941257379060035584'],['874318156629762048']
['932714719814840320'],['883023109460242432'],['883023109460242432'],['932714719814840320']
['929386800522645508'],['895773430737502209'],['895773430737502209'],['929386800522645508']
['817801846337261568'],['925041483568353280'],['925041483568353280'],['817801846337261568']
['915059102874824704'],['907637364759154689'],['907637364759154689'],['915059102874824704']
['821233209107218432'],['884809675413303296'],['821233209107218432'],['884809675413303296']
['902227588009132032'],['911557328897544193'],['911557328897544193'],['902227588009132032']
['851888918207373312'],['820002854136070144'],['820002854136070144'],['851888918207373312']
['905158707486629889'],['941799493917437955'],['905158707486629889'],['941799493917437955']
['818366770989907968'],['901760751152623616'],['901760751152623616'],['818366770989907968']
['831873161750777858'],['909035573385551872'],['909035573385551872'],['831873161750777858']
['924442245297778689'],['888471355435495425'],['888471355435495425'],['924442245297778689']
['868813502097567745'],['833266466342440960'],['833266466342440960'],['868813502097567745']
['913127148994646021'],['836691496636145664'],['836691496636145664'],['913127148994646021']
['829085472332857344'],['852576954435993600'],['829085472332857344'],['852576954435993600']
['841354135349952513'],['819864483141193728'],['819864483141193728'],['841354135349952513']
['845724240552824832'],['883987877922820100'],['845724240552824832'],['883987877922820100']
['849654610558058496'],['830134096567341056'],['849654610558058496'],['830134096567341056']
['900839107684958208'],['913759942208839681'],['900839107684958208'],['913759942208839681']
['889056087009308672'],['883029304875069440'],['883029304875069440'],['889056087009308672']
['923249524981862400'],['898238119144804352'],['923249524981862400'],['898238119144804352']
['843889130606137344'],['830331776258154496'],['830331776258154496'],['843889130606137344']
['921324851658461185'],['817407111378440195'],['817407111378440195'],['921324851658461185']
['893852298807582720'],['862031016478859265'],['893852298807582720'],['862031016478859265']
['849011970204413952'],['824353425966190593'],['824353425966190593'],['849011970204413952']
['891356324289802240'],['933639881145962498'],['933639881145962498'],['891356324289802240']
['928300532124528642'],['908986176438247425'],['908986176438247425'],['928300532124528642']
['893399193737474048'],['943208238039920640'],['893399193737474048'],['943208238039920640']
['825837382029209601'],['839145863217889282'],['839145863217889282'],['825837382029209601']
['881112328653197312'],['883090735326793733'],['881112328653197312'],['883090735326793733']
['867703984580169730'],['825106228770697216'],['825106228770697216'],['867703984580169730']
['869116348806422528'],['855700279915933698'],['855700279915933698'],['869116348806422528']
['848169663716626432'],['872197389276385280'],['872197389276385280'],['848169663716626432']
['906447947092647936'],['925426206710878208'],['925426206710878208'],['906447947092647936']
['842646246192041985'],['910900136376782848'],['842646246192041985'],['910900136376782848']
['886531287103791104'],['836997448715350020'],['836997448715350020'],['886531287103791104']
['840555470788149248'],['864837110527864832'],['840555470788149248'],['864837110527864832']
['902141686612193281'],['881595365551734784'],['881595365551734784'],['902141686612193281']
['837728913325436929'],['846751748672966657'],['846751748672966657'],['837728913325436929']
['832979409518919681'],['824645908784680960'],['832979409518919681'],['824645908784680960']
['863364746577313792'],['864764317597609985'],['863364746577313792'],['864764317597609985']
['917057431599026176'],['944973370520633344'],['944973370520633344'],['917057431599026176']
['826774125087633409'],['894977549989761028'],['826774125087633409'],['894977549989761028']
['815557023366516736'],['831967975611707392'],['831967975611707392'],['815557023366516736']
['816343164676083714'],['926920815198662657'],['816343164676083714'],['926920815198662657']
['931428836029366274'],['827911993709514754'],['827911993709514754'],['931428836029366274']
['898633930911264768'],['868644843614031872'],['868644843614031872'],['898633930911264768']
