Item,Normal,Uniform,Exponential,F
1,0.1368273289,2.844599772,0.7356923921,0.9905363344
2,-0.4562348169,2.763702717,0.7269869707,1.483129304
3,-0.3976526579,3.050683917,0.8182038136,1.8861563
4,-0.02837564524,4.969357842,2.086978553,1.062241267
5,1.142654628,5.134932015,0.06677378566,0.6369089303
6,0.809072692,3.599368448,0.334836564,0.6086731742
7,0.1789168706,5.307518079,1.17969725,0.7013579053
8,1.556779884,4.909874684,1.224946759,1.479993644
9,-0.5741213049,0.0933777024,1.711839396,1.211456154
10,0.1195591421,5.817730545,0.1134614507,0.8371421245
11,0.6242336951,4.27659785,3.188900143,1.09539179
12,2.391512418,1.572852239,2.289656093,0.642829399
13,-0.2877174811,5.765654321,1.406984073,1.39918071
14,1.290192304,0.02707966324,1.193937053,1.22489895
15,-0.5493669692,1.581959628,2.473854041,0.6613800255
16,-0.4529734758,0.2638283735,1.284504507,0.5932546602
17,0.1687793305,4.163177596,0.1069476162,1.738097433
18,-0.7931066901,2.803143097,0.4106464712,0.8216553775
19,-1.548899109,5.819943556,0.027809605,1.119540347
20,0.3510031535,0.1683592815,2.368606932,1.886519914
21,0.03099249371,2.387670619,1.315085855,1.183577779
22,-1.362915045,5.763845089,0.7972746081,1.181300549
23,-3.141687356,3.70312947,0.9642908703,0.8281536486
24,-0.8608051154,5.577527935,0.4660955486,0.7714779759
25,1.032510722,2.301080711,0.7604753663,0.6769512266
26,-1.366839867,0.7026612279,1.618352355,0.8196582745
27,-0.5377272286,5.708876949,0.7443906517,2.017440816
28,-1.296524695,4.604067118,0.06960100574,0.7875670402
29,-1.855859623,0.05179366982,0.203560113,0.7254797837
30,-0.1917095401,5.010877648,1.113750376,0.4389886281
31,-0.75179744,2.482783285,2.807119191,1.117680021
32,-1.109764939,5.454873303,0.2160430392,1.208812799
33,-0.8571908467,0.7006639307,0.4029809521,1.385978729
34,0.9074377919,1.971640596,0.454176282,2.564188982
35,-1.267280087,2.926090663,0.6249836069,0.7889073235
36,-0.703607367,2.225174404,1.238875236,0.8595972272
37,0.3366367078,4.023540102,0.2727314198,0.64406315
38,-1.166395233,1.470471205,0.8315100576,0.5659543694
39,0.1809337051,3.082461379,0.7488807155,1.89875157
40,-1.03054103,1.372383652,0.1365969372,2.295493187
41,-0.3221018488,1.323446499,1.949076226,1.320544042
42,0.0388274951,2.859555271,1.077953244,1.3197762
43,-1.262840712,5.273881931,0.8559334203,1.016382723
44,0.151388456,1.296148391,0.1704302919,0.4858601227
45,-1.857777314,1.741434345,2.191547315,1.060679615
46,-0.4644186064,4.285490626,1.921613565,2.138800925
47,-0.8705164122,4.692553945,1.702092562,1.367175714
48,0.6467143848,2.979910052,3.302805455,1.831335045
49,-0.6550169378,4.403364575,1.2361452,1.10014549
50,-0.4823935837,1.813804661,1.243619172,0.5051856446
51,0.06055193913,1.802636933,0.3618135615,1.205476669
52,-0.5317073998,1.165832176,0.2100058678,0.3509615873
53,1.664025399,3.868629901,0.2725935061,0.6020135475
54,-1.123837524,0.5864916681,0.4120414399,0.9087083385
55,1.016925025,1.219436981,0.9253722503,1.507843475
56,-0.6290354294,0.02104827762,0.04674218455,1.230762364
57,0.6992599575,5.316093111,0.08829064621,1.662122505
58,0.9279362189,0.2476439383,0.4229766508,0.8133449659
59,0.9139274678,0.3147461792,0.1034484468,0.5117796471
60,-0.9431475691,3.642572672,0.1594597074,3.968626784
61,-0.3925449388,4.358366366,0.3618707294,1.67270009
62,0.4651122761,2.723550348,0.5443578242,1.819618745
63,0.05538151635,5.628386912,1.048683763,0.5427949714
64,-0.1084727312,4.664251966,1.914369089,1.198674557
65,-0.4292426817,5.01685377,1.831357615,1.527916086
66,-0.6747989616,3.731928298,0.698435,0.6980851106
67,2.113533244,3.438520121,0.2029399825,1.325933643
68,-1.674443662,2.811439818,1.297669069,0.9576583964
69,-0.5573447618,1.302237861,1.798556473,1.98621804
70,0.8498949325,5.867916001,2.187945014,3.50189592
71,-0.2547363768,5.169151287,0.2595671825,0.530974126
72,-0.5815150615,3.289893595,1.021660867,1.109079681
73,-2.030753995,4.235832592,0.4771459033,1.201908472
74,-0.2672405269,3.191105251,0.1312136613,2.527374917
75,-0.01366842609,5.271638576,1.62650942,0.6819359735
76,-0.746282719,5.843737429,0.2111623557,1.480526313
77,0.7354617915,2.293074888,0.7547537144,0.7226870557
78,-1.482696802,1.007696962,0.1686691274,4.093111085
79,0.6264620955,4.325879029,0.3780386751,2.049519748
80,0.818708638,5.028140471,0.554745499,0.9679816507
81,-0.8846917937,4.553428867,0.9978694152,1.274538037
82,-0.1830252903,4.171156137,1.023818245,1.131725562
83,0.1797547807,2.645350157,0.7002382287,0.8553076049
84,1.486764495,3.411783715,1.060798811,1.107302319
85,-0.4878256075,3.78111851,2.477631887,0.7331757214
86,0.4821099272,2.859823942,0.1646021332,0.9563543508
87,-0.369343771,3.787215748,0.2884088,1.131396898
88,-2.516152568,3.84263398,0.6685552546,1.244080709
89,0.4036282639,4.743041958,3.850744596,2.67118044
90,-1.802638177,3.381316618,0.200041201,0.6772023138
91,1.44417449,3.723714785,0.6584857851,1.722906509
92,-0.2641595112,4.358717637,0.8506658282,1.877550847
93,0.6090893472,5.3663831,0.698215007,0.8152095497
94,-0.2840888179,1.776377181,0.4145019762,0.7117778831
95,-0.6816739118,4.188803353,0.5994150946,1.004533612
96,0.6963538394,4.546969442,0.09490951919,1.081423607
97,0.4435296436,1.575351355,2.758296313,1.203837344
98,0.08208474292,3.154517879,0.4266679364,2.860991658
99,-0.4441735305,3.609398156,0.3654639423,0.5570449751
100,0.965730782,4.110846448,3.31404832,0.8005280614
101,-2.906918962,1.955338398,1.148023232,0.9575172291
102,0.4153030285,1.070869157,0.3340393244,0.5952093866
103,0.1459611687,2.459777544,0.4980223542,0.7466079171
104,1.774365997,5.177076112,0.044896123,1.102430658
105,-0.3704798472,1.825025783,0.4476575647,1.445831171
106,-0.2705515412,4.666504211,1.120479763,1.722242269
107,-0.510678716,3.686677972,1.218079511,1.484747718
108,0.05149188401,4.006713232,0.4123636582,1.698394944
109,-0.3128022982,1.442028443,0.8122495032,2.425262822
110,0.08729235941,4.023637551,2.860431731,1.650873793
111,0.2520258798,0.447068383,0.03855002765,2.821865434
112,-0.2389658561,0.1548127094,0.7017118036,1.634008755
113,-0.8274203605,2.97222775,0.8275110831,0.7769295922
114,-1.32844897,1.088974657,1.882738441,0.627038633
115,0.6091220608,0.650427117,0.2491981921,1.429948254
116,0.755759997,4.507001398,0.1300256588,0.7563917086
117,0.4197894995,1.344386298,2.123352644,0.9345469622
118,1.292793111,3.637690481,0.08362963656,2.281277829
119,-0.4193771058,5.035578936,2.500910276,0.9182194445
120,-0.01265141104,2.68493813,1.767920654,5.199990689
121,1.124399051,2.336008935,0.2393596565,1.314277743
122,0.1696610611,4.347639281,0.3396086862,1.61338383
123,0.3831942894,0.3463301053,0.6794029521,1.219152007
124,0.8211408632,5.145835587,0.5076420035,2.763838476
125,-0.4814365571,5.860840098,1.492809892,0.6795112498
126,0.4167339738,1.546936471,0.1132134679,0.4292943216
127,-0.4641614979,0.3803770831,0.6834540381,0.4717375444
128,1.151692599,2.423011836,0.9335669763,1.300857188
129,1.010831686,5.878620816,0.8486666101,1.0535756
130,-2.083674164,0.6395220724,0.1323146354,0.7240099094
131,0.1517295924,0.6616912717,0.4216816938,0.5321110696
132,-0.426235572,1.696003983,0.1549059595,0.4350694491
133,-0.1632356933,0.5864077304,0.2989017242,1.203225854
134,-0.1430932002,2.799023109,6.578711016,1.229726693
135,0.5113938037,4.041819404,0.3419235828,0.8817443682
136,2.94752909,4.371627982,0.928651411,0.9592060428
137,0.1875277425,3.19361276,0.1307206554,0.6650034107
138,0.6323019868,5.428299048,1.135671008,2.297737344
139,-0.7078200379,1.762526517,1.51261958,0.5835674815
140,0.2755645873,2.341855394,0.07041534595,0.6612684583
141,-1.047504744,4.992826451,1.459321292,1.203890139
142,0.2740049716,5.435696071,0.2602245432,1.714024764
143,1.147744082,4.36256735,2.017580772,1.741586647
144,1.317125847,1.001463396,1.186488731,0.7391353489
145,-0.6180195519,5.547102714,2.542406259,0.7313119845
146,-0.5101554406,0.5420578974,3.189296275,0.9775910309
147,0.2449002622,1.672074932,0.276331373,1.546436504
148,-0.5635445687,1.485176881,5.700762853,0.6450226385
149,0.6724558987,4.042655873,0.1091679642,1.058310847
150,-1.482159003,1.39024242,1.936430938,0.6397814317
151,0.4060659041,2.854588784,1.047639016,0.3667683435
152,0.3797608457,5.116416778,0.5469210511,0.8520804345
153,-0.4181409942,2.690037162,0.4960965132,0.8484042175
154,-0.7706945055,1.058175206,1.114036928,0.8966911971
155,1.062127021,3.066081433,1.173030853,1.0092839
156,0.2883666903,0.3965305486,0.2313185817,0.8784730475
157,-0.1789246372,1.454859326,0.8954140776,1.606662969
158,-0.2768088342,2.765017195,2.260345475,0.7497886467
159,-1.209181129,5.283530615,0.4909438114,0.8406612176
160,0.2115774086,3.153413903,0.8279940299,0.6556613021
161,-0.2193244022,3.622300712,0.3720062553,1.9779427
162,0.7757949494,5.841207286,0.4179024738,1.152290248
163,1.651829902,5.732684973,0.2319130083,0.5847930791
164,-0.5657966592,0.9547282364,0.1544976169,1.357831763
165,0.08753314236,3.833409384,0.7480867672,1.919342954
166,-0.02683027193,4.04752331,0.04342427244,0.9730427763
167,0.8721151923,5.507977935,1.809692595,1.380235233
168,-0.412227767,3.536916342,1.033536833,1.156947604
169,-0.3149967966,3.155837481,1.498153951,1.826003922
170,0.68135313,0.8538411269,1.738079499,1.337059462
171,-0.2014736784,4.697525062,1.11841431,0.7076720775
172,-0.3856081048,4.54003574,4.337822336,0.8427217058
173,-0.1680945722,5.756575262,3.625873303,0.7785947215
174,-0.393946212,1.125514288,2.619417795,1.606592349
175,-1.466764197,1.769640554,0.7602603323,1.295451999
176,0.4278044141,2.763920208,0.6102481403,0.5513891914
177,0.9597926868,1.181750931,1.546933342,1.287973269
178,2.714326376,0.6215364374,0.09198427852,0.4249294392
179,1.390927559,2.411669099,0.6128538251,1.661064523
180,0.6263453357,2.715928084,0.7544768937,0.7022859438
181,1.878850611,5.93806065,0.4197916104,1.01942916
182,-0.3473553763,4.331327986,1.126623664,0.9622451159
183,0.4678549614,2.864038153,2.239793414,1.887756435
184,0.2925221058,0.08966175886,0.6042063795,2.219335921
185,-0.1359218842,1.444073819,0.4447925226,3.249736737
186,0.3893434949,0.3773896107,0.563317385,2.040649679
187,-0.1627507789,4.976550122,1.518433174,0.9444546669
188,1.135704802,2.873551527,1.315769191,2.839846149
189,0.4703611898,0.1387848817,3.203652317,0.45557742
190,0.5687855537,5.153172348,2.502531977,1.256894535
191,-2.564570716,2.188056974,0.535925583,1.357574227
192,2.186018493,5.650383985,0.04376800731,2.034503115
193,1.002262618,2.688285583,1.426903393,1.681106652
194,-0.7941875816,0.8837631312,0.6349567329,2.956872641
195,2.961311313,0.7414561152,0.2235569437,1.28340695
196,-0.5932104344,5.50378324,0.5944439885,1.509588672
197,0.2844118758,5.930919175,1.420257395,1.496364059
198,-0.8849304502,4.959592832,0.3314824593,1.851266679
199,-1.911792648,3.954741037,1.547394931,0.6851822456
200,0.4425492167,4.520231416,0.8414832287,0.7520212771
201,0.9202664264,1.791218111,2.082419241,0.7837108506
202,0.8496090799,2.742372648,0.1053540368,1.107376347
203,0.5166333828,2.645464359,0.929381879,1.198812427
204,-1.205686006,4.911049602,0.7447118585,1.205209895
205,1.867924927,1.748558208,0.07290128199,1.509294611
206,1.529206808,4.883703119,1.729198344,0.9493896908
207,0.6319754434,4.727277249,0.599935133,0.8303051129
208,0.6995567265,4.193075465,3.56385902,0.999054727
209,1.29461316,5.797271118,0.3955580889,0.893676414
210,-0.470944459,4.357005539,0.5197443459,1.442333067
211,0.7316405619,5.853138343,2.134185644,0.8850634775
212,0.07858049601,0.3532655756,0.9922699081,1.011349422
213,1.025372635,4.978775125,0.07347679092,1.158104041
214,2.655899263,1.807770033,0.1056671212,1.951898725
215,-1.157020567,5.824774212,0.3148879157,1.207792207
216,0.3306023477,3.501599383,0.4668846158,2.145783965
217,-0.07003049612,1.490679116,0.7926447382,1.026977021
218,-0.2780665049,5.090444301,0.4415054317,2.605064011
219,-0.5477232049,3.703806875,0.5438529085,0.3931830572
220,0.4400255554,2.708652089,1.518155707,1.543736318
221,-0.5724683803,3.597231294,0.3209166947,1.159446579
222,-0.5916922545,1.929613536,2.005673049,1.4798306
223,1.984451154,2.28361397,0.7435726597,1.073479867
224,-0.3683501502,5.699423758,0.3993307604,1.502177765
225,-0.03895689781,3.763118327,0.1722603738,1.462431805
226,0.08978851057,5.818148267,0.356864102,2.71965115
227,-0.1885399923,4.792604025,3.249727644,0.5051749236
228,-1.2634555,1.00925601,3.144452996,1.609095651
229,0.3210689793,0.7274607676,0.062478601,1.058908877
230,0.6500224265,2.830638408,1.272965427,1.519053064
231,-0.3359741415,1.744571278,1.06380171,2.080614744
232,-1.999660476,1.953848509,0.2369961013,0.9215337622
233,0.03194393885,1.614896262,2.38812829,1.137079075
234,0.367775527,1.14090928,1.470515296,1.219606994
235,-0.4978507312,5.866405148,0.4352058296,1.147603167
236,0.604966711,2.519824267,1.046839905,1.636033552
237,-0.3476809851,5.754055634,1.075335167,1.293689696
238,0.7299861734,3.522549475,0.251128016,1.876261604
239,-0.8382874464,0.1656451165,0.04158275227,5.492300977
240,-0.3701158481,1.34219976,1.000465182,1.087158986
241,-0.8236274282,0.9292961592,0.515492327,1.735471827
242,0.3729019749,5.918047434,0.6774300653,0.9186309187
243,0.96617084,0.7968322439,0.01088085779,1.495505733
244,0.5862317966,1.740600766,0.4174877913,1.236247342
245,0.08323038172,3.632888229,0.9293235112,0.9676628326
246,0.2297970392,5.649964442,0.263957663,0.7783941658
247,-0.7873905381,3.546831995,0.2446744456,0.9223285348
248,0.9474940938,2.685484049,0.4094311903,0.7240963775
249,-0.609676039,2.402006133,1.36177711,0.5484386865
250,-0.5742891302,0.1055962737,0.260185923,3.325580906
251,0.7271348549,2.761256366,0.009413376916,0.6354887979
252,-0.5491038745,5.639012141,1.830086365,3.087386925
253,-0.8435234107,5.824567807,0.1306464816,2.01311018
254,-0.4940339605,4.994729666,0.4294019141,0.6520843686
255,1.146878384,1.930640314,0.8053219299,0.7492123312
256,-1.438116698,2.800148623,2.49168915,1.23721677
257,0.08401428399,5.037314102,0.6189002856,0.6677818415
258,1.603444802,3.777488443,1.244283662,0.5197129585
259,1.401919538,3.010688859,2.982234176,1.28432833
260,0.05920052441,5.212349261,0.4920738237,2.547407848
261,-0.2175583507,0.4858340118,0.03503846284,2.394292079
262,1.482552183,2.638432543,0.8053894927,1.224600438
263,0.8991320266,0.5485948473,0.2533476974,0.4468166154
264,-1.448689405,1.469608999,0.1747489593,0.8425050856
265,0.3262903893,0.2854001038,0.9592227619,2.755286529
266,0.1694478501,3.28046638,0.1982315233,0.872328685
267,-0.7157905058,0.05436889781,0.3185361307,2.146858666
268,-2.271450768,4.517523887,0.9692155486,0.6213720974
269,0.8937790599,0.9075513957,4.159018922,0.656298969
270,-0.4662084958,4.695102603,0.8386298036,1.148787746
271,-1.748890552,5.118961821,0.7356353057,1.081800028
272,-0.5387128828,1.910281045,0.6648904081,1.086990206
273,0.4752820139,0.01246085996,0.2433776911,1.178760248
274,1.001830842,1.784484667,0.5395972072,0.7503157907
275,1.337429878,3.805355948,0.221452428,0.7775291357
276,0.3808198113,2.951689098,0.7616871634,0.8807882323
277,2.302671744,2.357984522,0.08056521975,2.471870999
278,0.4597475461,1.429324457,0.005040751701,1.290992871
279,-0.4002765579,0.4380508424,1.976328449,2.958884047
280,-0.1450998209,1.906135993,4.838912386,1.862925909
281,0.2059841039,1.211842715,2.285806218,1.263867782
282,-0.4615167463,2.651422937,0.09277042886,0.6991956006
283,1.354183935,3.735577525,0.6199891819,0.9773677465
284,1.500675264,4.27114122,0.003429926466,0.4195595817
285,0.4685835033,3.58837472,0.2414346738,2.743767701
286,0.7487149585,0.3528276938,1.221431124,1.601062176
287,-0.7062718766,5.851138739,0.4448137386,0.7818563427
288,0.1345725571,5.900454762,0.8131280892,1.005200955
289,0.4748084002,4.252214959,0.9051849376,1.849666748
290,-0.5152339675,3.207885504,0.04982107162,0.6554319932
291,-0.06430028533,4.714848155,0.2094986672,2.258614528
292,0.1812720364,5.093741088,3.157030615,4.31764945
293,0.6839071734,4.249224084,1.514017271,1.903935665
294,-1.622362911,4.095355233,2.015807947,0.7281157977
295,0.07200335448,5.281629617,1.432619827,1.208607903
296,0.6533344116,0.6389260534,1.075779817,0.4821924561
297,0.5911640974,3.563545887,0.5916616968,0.6639845912
298,-1.153354821,3.391188195,0.6619770392,1.896518938
299,-1.450892121,3.690517045,0.8429281907,1.714941991
300,-0.5884212485,0.8783507631,2.737982998,1.306626896
301,0.3028695025,2.030947809,0.2495090123,0.9738176517
302,0.5586710348,5.813539342,0.111229212,0.9478530536
303,2.253030423,5.629191682,1.768816373,1.824734393
304,1.218093087,2.927748537,0.3918720409,1.649072314
305,-1.962716978,0.08792250976,0.3621613779,0.8541719061
306,-0.8973953936,4.770107506,0.7457736274,0.731239613
307,-0.1360862488,3.357994242,1.998308221,0.5644018354
308,-1.543684653,0.007564643864,0.5568980253,0.4801204469
309,0.2269894282,4.809033091,1.835633289,0.8736073159
310,-0.05872737107,5.352453085,0.3138891389,1.233290871
311,0.8957083965,3.148579529,0.3409543201,0.87875877
312,0.1725055069,5.588745663,0.3310304056,0.5346550369
313,-1.399353554,3.37316218,0.9213958428,1.129790428
314,-0.6341824306,0.5381147163,0.4221387957,0.4330142214
315,-1.07840127,2.285033824,0.4155961186,0.8362976446
316,-0.5800075874,0.00978368707,0.505630645,1.269314889
317,0.007120129904,2.240136271,0.473203761,1.034079824
318,1.750714948,5.470903426,0.847396247,0.8675904946
319,-0.1832305615,2.541230574,0.1611765586,1.182533116
320,1.605852247,5.760990123,0.2828611895,1.392540888
321,1.169743898,2.478342683,1.448060026,1.663439684
322,0.4700530502,3.670067823,0.6497634845,0.9868949155
323,-1.631788976,4.799809169,0.2587842192,0.8652602841
324,0.05996382899,3.455085761,2.214093865,1.263522604
325,0.7246575405,1.282096362,0.4087718916,0.4960898716
326,-2.024740744,5.389307788,1.258555047,1.285370565
327,-0.7781814192,3.800868066,1.874778179,1.455236594
328,1.238249658,1.87596803,1.14278532,0.4700009344
329,1.725599003,2.296550645,0.576778071,1.627287645
330,0.6465262483,3.532754521,1.407880387,0.6337052501
331,1.897904432,3.74400273,0.01685399993,1.451902076
332,-0.7939519293,3.112757477,0.112993943,2.096416521
333,1.154945246,2.889760941,2.02730323,0.7102017081
334,0.6194736976,5.825954761,0.617592053,1.828732156
335,-1.080262802,4.580439183,1.22155345,1.903789272
336,1.158850791,2.180497534,0.4756677961,1.510951133
337,0.4432218836,3.299857127,0.4175761466,2.342236176
338,0.7148729648,1.763426956,1.672423921,1.663443156
339,1.733223154,5.096657217,0.3020954547,0.6575665591
340,0.4706824793,2.678659061,1.501809894,1.309343028
341,-1.64134864,0.3983946377,0.1959452494,1.140016467
342,0.1215857768,0.2444771407,0.121486695,0.4918697547
343,-1.761302756,0.1998147019,2.639078325,1.556648257
344,-0.6154286525,5.311141552,0.3310065176,1.068581396
345,0.5070756573,2.338043346,2.167234218,0.8625925198
346,0.4302539843,5.983589346,0.1732780263,0.6691220504
347,0.1213152115,4.198978264,0.7390556185,2.311676911
348,-0.04605475479,0.8861757824,0.05119756842,1.255426986
349,0.6945608822,3.890035119,2.514990983,1.828003635
350,1.245420708,0.5786235365,1.041850451,0.9064639071
351,-0.2991947898,5.848824696,0.2231486761,1.051707137
352,1.206873132,3.027785359,1.449553364,2.083722441
353,0.07645291742,1.263301624,4.50E-05,1.220825033
354,-1.107259091,0.7102486663,0.9065679079,1.74522254
355,-0.430473303,3.214401509,0.7189689743,0.7252543597
356,-0.9201998094,0.7511555166,0.2050948428,1.158135696
357,-0.04277640295,2.656944351,1.602038998,1.518294901
358,0.1846139445,4.23763681,0.7528931312,0.8515064164
359,0.9270149967,5.032084448,0.1587210908,0.5703859184
360,-0.3857817627,2.257130809,1.135826048,1.728073904
361,1.420824498,0.09807188669,0.01019969388,0.8423751358
362,-1.384072673,5.248559735,0.2809375129,2.218112372
363,0.7726675531,5.709210395,0.4207923738,1.256429669
364,-0.3000786545,0.4515025648,1.050407865,0.7905163165
365,-1.346851544,0.2628431381,0.3354858891,0.8994163768
366,-0.3758402748,2.643293886,0.2107549603,1.442940581
367,0.1661851971,3.016004388,2.271331506,0.6202064261
368,0.05289034038,0.3167477259,0.5147171635,1.025729888
369,-0.05199538914,5.989572731,0.7229898023,1.424875883
370,2.194115541,3.438668551,0.0361264511,1.269039301
371,-1.386898675,0.4697702746,0.2282249718,3.281267732
372,1.664814599,1.152894407,0.2455000585,1.572786903
373,-1.132611589,2.814610485,0.664905508,1.493401441
374,-0.3279063021,5.926933708,1.449348189,1.116591202
375,-0.1583961093,0.0871532117,2.128020076,1.155618131
376,-0.02247491015,5.344733502,0.4103340488,1.197220265
377,0.04203875399,2.426244325,0.1206277497,1.875115079
378,-0.6404353989,4.868425326,0.5013941415,1.018396638
379,0.7300194502,3.325648544,1.161931505,1.117900056
380,-0.2955693956,4.394035829,1.671475258,0.3802475405
381,-0.7170984459,0.1482801782,0.8468704254,1.533385
382,1.097181719,4.615439951,1.047717954,0.6460155569
383,-0.6455030525,3.550563939,0.09805850219,2.490765371
384,-0.986075085,0.5970092635,2.587194027,1.036359979
385,-0.9354882296,3.310951889,0.004529587459,1.24637903
386,0.5763909535,5.343070527,0.008586384362,3.461799775
387,-0.5171967473,3.035453968,1.936522847,1.988023101
388,0.4113767638,1.257548008,1.54919105,1.638796491
389,0.2014785831,3.372216167,1.677601362,0.9493485572
390,0.6295690204,2.7434885,0.1187532367,0.9803254567
391,0.3317068304,1.868769349,0.2152253725,0.4805390017
392,0.07348031466,3.747980086,0.3709570705,1.54168971
393,0.09886212837,4.199088673,0.8720748303,1.112138868
394,-1.96249386,1.74179564,0.9478429593,3.032544648
395,1.122622147,2.280307147,1.128791905,0.4635011882
396,0.2641037788,3.252644003,0.7246248706,0.7582000064
397,0.4094990009,1.762982528,0.1876429156,1.272688938
398,-0.863407905,0.5428551142,0.0002339812927,2.084058849
399,1.908640705,5.487200215,1.204713827,1.520845752
400,1.171771587,1.006956838,0.05826857647,1.131770653
401,0.761338788,2.606145477,0.1645806253,4.052719501
402,-3.108102868,5.96984207,2.248924573,2.77107147
403,-0.2160981501,1.446324473,0.02525824852,1.593479091
404,-1.548853862,4.996169742,1.372495749,0.6930175229
405,-0.1746333187,5.774078135,0.2776058656,0.555185429
406,-0.130700321,2.431012122,0.8571383114,0.9170546475
407,-0.890340365,1.859711649,0.02011464897,1.906784673
408,-0.8942105488,5.350007161,1.473013047,1.264284738
409,0.6172067268,2.685605154,0.3645119374,3.593235952
410,-0.7573982549,1.114734584,0.3587377458,1.075070354
411,-2.123155492,0.2773729158,0.7519073821,1.243981521
412,1.077536872,1.850377242,0.4277554089,1.194301172
413,-2.323804449,3.164825185,0.3048183788,1.057097468
414,-0.3376935932,2.824322273,0.6129110255,2.074020655
415,1.217102955,4.947611787,0.3220964218,1.078093247
416,1.079240586,3.042157765,0.3739918361,1.045286735
417,-1.953609471,0.2396281818,1.942355737,0.7299940203
418,-0.1298041097,2.209098502,0.7403672551,1.381806982
419,1.110750423,0.07758306479,0.4709654112,1.30900609
420,1.947040592,1.477988709,0.5662079486,1.015353113
421,-0.4294439812,4.79850999,0.3483711444,5.520390201
422,-1.359966258,2.014800331,0.5423432294,0.9772754658
423,0.4793644348,5.539760304,0.9909345517,1.421066706
424,-1.277351733,1.324326121,0.4206409059,0.7843709381
425,0.8783139928,1.399808618,3.423932344,2.257721542
426,-0.4484818261,2.044676442,0.03286585538,1.601794217
427,0.684226226,3.490517009,0.9327853955,1.889205085
428,-2.104660051,4.717629194,0.520079995,2.376220153
429,-0.5534383111,1.306139806,2.063258145,1.012559931
430,-0.4177235927,3.781854421,1.69180594,2.349135432
431,-0.480910819,4.689629573,2.298901262,0.8096672819
432,-0.5098910712,1.431452061,1.73490129,1.525286197
433,0.665669644,2.640309448,0.3899804279,1.740107662
434,1.323011714,2.799027708,0.0891629369,1.815540628
435,-0.83528208,2.074025335,0.1989041651,0.5953667579
436,1.312875005,4.876293437,0.3102313145,0.6113531994
437,-1.457173192,0.177490049,1.696545599,3.384233093
438,-0.3659262183,0.8843468651,0.55679174,1.198094204
439,0.7752987983,2.643971813,2.016845329,1.343627966
440,-0.8808244232,2.939600736,0.5816465029,2.010529274
441,1.139353149,4.149889655,0.6091575608,0.8750605649
442,-0.9139469479,3.821872144,0.1888670933,0.5817899928
443,0.2743712889,3.92545991,0.2664229742,1.142109392
444,0.3628471494,5.610190405,0.7971328934,2.428501008
445,-1.1200973,5.15531621,1.338176238,0.5368161178
446,-0.9181846385,2.749220206,0.04667042208,0.8872769529
447,2.107121648,4.259905518,0.464604055,1.090260893
448,0.7784110828,1.521355588,0.06745931273,1.166026371
449,0.2115780329,3.923011845,0.09857955249,1.656557195
450,-0.9420235243,4.317547213,0.5365797011,1.505472496
451,-0.369643665,1.248657566,0.08509472385,0.579379765
452,-0.3371791866,4.651191406,0.757177595,0.5001810685
453,1.475231445,0.2768709739,0.1831921437,1.785999496
454,0.322248942,5.97626586,0.1711625955,0.4702386232
455,-2.153652147,2.437491498,2.315475648,1.258575875
456,-0.8709380435,5.654276085,0.9198285266,1.184311638
457,0.6943472322,1.791853571,2.169188918,1.189826476
458,-0.3911363141,4.056745718,0.1508018575,0.4519187228
459,-1.116656903,4.703567265,0.9184644538,0.6634374932
460,-0.2652404058,4.060379092,1.138764421,0.7401506387
461,1.045034666,5.090545689,0.1745548989,0.5468887505
462,0.6962555989,0.9005882009,0.58236326,2.745379653
463,-0.9956618238,2.689655989,0.6232656054,0.9360879505
464,0.3131550096,4.57710983,0.7580870957,0.780530743
465,0.4874421742,5.887712259,0.3164348127,1.324155029
466,1.011993134,2.718511936,0.1806535241,0.5366877149
467,0.4657275341,4.771146468,1.988687139,1.439965229
468,-1.112432601,3.334102841,0.4252878408,1.395545905
469,-1.371175414,3.521311786,1.552035049,0.5498818925
470,-1.041134875,5.99030055,6.291775085,0.9774318412
471,0.8894274664,5.021431164,0.1707873475,1.924527929
472,1.035287829,4.056212555,0.1395903449,1.036590217
473,0.1934204544,3.608156836,1.087734679,1.83999904
474,0.2335166467,0.002007447649,0.4603253687,1.071072924
475,2.739242913,5.154433252,0.1091299844,0.8782895205
476,1.141078415,4.561086761,0.2143475854,0.9097289314
477,-0.1953873553,3.868957881,0.09455135465,1.204455632
478,0.1452866804,1.948266182,0.7730419333,0.6410613677
479,0.5267609419,0.8886204413,0.2857740321,2.30297059
480,-0.4557402843,5.986292265,0.5885565393,0.6661781527
481,1.086427599,1.433145903,2.018203616,1.162356045
482,0.8151422945,0.9167618961,0.2969633931,0.8916574658
483,0.004645824319,0.4639864527,1.459611116,0.848101713
484,-0.624568299,3.164192492,3.195488557,0.6843679696
485,1.617188333,5.200782711,0.8169429889,1.045493152
486,-1.729352657,0.5655118749,0.3129565582,0.6932054054
487,-1.357519476,2.94322761,2.261079332,0.6352506714
488,-1.509498189,1.131080161,0.1722413974,0.6880408217
489,0.4357610253,2.591997947,1.527804986,0.7704913476
490,-0.1480072524,1.384738944,0.7128753209,1.140107057
491,-0.8556638389,3.440267399,0.426216275,2.18617958
492,1.732902102,4.821727341,0.08917029398,0.5388019314
493,0.3980367454,4.034071187,1.076477776,1.364058776
494,-2.232523535,5.75830702,0.1565913418,1.25654598
495,-0.1578622548,3.57125052,0.2791521149,0.50238664
496,-0.05608997059,5.600299941,1.058624445,1.019952159
497,0.3051270599,4.590523744,1.307630623,1.189652219
498,-0.7901832935,0.4645334557,0.1326346842,1.313714587
499,0.6357101945,2.933253476,0.7129188813,0.7952972297
500,-0.5655054992,1.997387191,1.075740268,0.9887172471
501,-0.8071620685,5.353068106,2.40872906,0.7645236284
502,-0.603120203,0.05847085174,0.405987734,1.465707509
503,0.9859794039,5.421649202,0.6834436976,1.051430935
504,0.04373481457,0.8307602531,0.9259064029,0.6105875679
505,0.9642467447,3.578479234,0.9344399776,1.34048553
506,0.4812014813,4.807014101,0.5762362932,1.270085491
507,-0.1578890212,1.521504211,1.807834119,1.189130512
508,0.792276756,5.399764307,1.77527394,2.772140262
509,0.4866291215,5.014203554,0.7651851175,0.9219794009
510,-0.9177931991,0.8684093636,0.3910260013,0.8815917321
511,-1.407973203,0.304220723,0.2495627624,0.6079991134
512,0.3152565958,1.806420119,0.262797248,1.418149518
513,-0.0130295807,2.481998545,0.004151158966,0.7437421657
514,1.124497428,3.996473925,0.8223196705,0.8703376906
515,-1.901984446,5.241285738,0.7652510038,1.353196617
516,0.4748916501,2.668635844,0.4442527457,1.273305761
517,2.650047896,1.961032766,0.3874102882,0.6090590054
518,-0.7072217468,5.612844815,2.287350057,0.6666851067
519,0.8921817337,1.286813749,0.04592075664,1.836859912
520,0.3882355223,2.515608876,0.7896141652,1.076913704
521,0.4292388541,4.464291862,2.601492523,1.659968781
522,2.275548719,5.94956601,1.311727748,1.335985307
523,0.7920619671,3.049815493,1.208467434,0.5707216113
524,-1.02681212,4.684454556,0.4883056008,0.8904643819
525,-0.1943361645,1.323778697,0.4669782724,1.058581026
526,-0.5291199808,2.058787891,0.6987635659,1.360415015
527,0.09621330375,2.405349878,2.008130901,0.8197686731
528,0.1575616633,4.751473063,0.01402074564,2.551754876
529,1.081333582,3.14973574,0.5545239537,0.8851857087
530,-0.7641360261,3.617793014,1.478554198,0.3677628359
531,-0.002749140819,0.6416144818,0.6109558577,0.6250894877
532,0.5051575598,5.14579036,0.5366951479,1.833539673
533,-0.3021024372,0.8939331234,0.3383696019,0.9493927677
534,0.54980345,1.398369501,0.1178882386,1.024753102
535,1.150095735,5.422009164,0.8983116569,0.9589147631
536,-1.265072674,5.467172221,0.4618192157,0.8147779255
537,0.8214809799,0.376288705,0.6068116724,0.6140868528
538,-0.6023695381,4.915125577,0.6973763334,1.431429639
539,0.6868414139,3.58978812,0.5143497186,0.5499721931
540,1.095297634,5.936594595,0.2556881751,0.8558006919
541,-0.7557456927,0.9350079233,0.4343828806,0.7344422327
542,-0.616435876,5.512962663,0.7702343473,0.8636395658
543,-1.092039734,0.4937138837,0.5067467298,0.9869753546
544,-0.5497785964,5.67406517,0.3243704997,2.084165644
545,0.06670929819,1.095962138,0.7367883697,1.045488399
546,-0.1723840773,3.266190778,1.622491237,0.7409655829
547,-0.2998453515,3.188161897,0.2130164714,0.889794647
548,2.155621871,2.974093116,1.323742458,1.186942159
549,0.6255887586,1.709130029,0.3545175064,0.6469651214
550,-0.7000394432,0.3370155338,1.200607675,1.466632999
551,0.9365777422,2.873574686,0.3797703129,1.05141072
552,-0.493891392,2.117015861,1.305897632,1.297287978
553,-0.08729910982,3.953068893,5.55936025,0.5981711944
554,0.1580418846,2.149305181,0.4642313919,0.8921009933
555,-1.099282378,5.978072762,1.085230833,0.4783284131
556,0.6951361451,1.304754933,1.284295895,1.013479499
557,-0.5351838921,3.802298531,0.2372898711,1.398291535
558,0.06306079326,2.794683783,0.9042413095,0.7917210092
559,-2.099868368,1.91875272,1.623850308,0.7862984704
560,-0.8211377058,4.591906294,0.9575843332,1.578402879
561,-1.091515057,3.388613622,0.5048044058,0.6074166059
562,1.312680934,1.714517775,2.040548889,0.7996183837
563,-0.7615153327,4.6422886,0.315591394,1.420467487
564,-1.089610943,3.979790135,4.970795643,0.6144769702
565,0.2638998071,4.229196337,0.8476767076,0.8210533513
566,-1.080406185,5.459986752,2.25588504,0.7602267907
567,0.1203625467,0.8929058556,0.6163115529,1.467860146
568,0.1587080005,3.205995073,0.8923304742,0.7086743336
569,-0.2049288579,2.04216746,0.9055462945,0.8992865216
570,-0.9236668283,1.270113337,0.0852403019,0.5573791955
571,0.2664867037,2.939077335,0.1871522809,1.136634012
572,0.3149582934,2.195083138,1.52534687,3.06030261
573,0.8976074273,4.390257393,0.4008404659,0.8683923165
574,0.6218108277,1.570637655,0.6847823723,2.064223624
575,-0.1831217964,2.759866035,0.2437851115,0.745091281
576,-0.1352009317,3.695532168,1.93470777,1.752560723
577,-0.0877702757,2.657880231,3.610353699,1.192149238
578,-0.3457167802,4.238288318,3.147423543,1.422669305
579,0.5574505755,4.760033445,1.583786452,0.4658649767
580,-0.01777555325,3.170439033,0.3490938991,2.984275676
581,-0.02933906877,5.365354661,0.730843055,2.425185611
582,-0.6366061564,4.148938926,0.3585840282,0.8354217443
583,1.210384161,2.857072324,0.361003201,1.761396661
584,-0.2618598669,5.866621646,1.229021835,0.895018258
585,2.239308226,4.48105583,0.2167496416,0.6710108359
586,1.852144758,3.409449357,0.4675228673,1.242067554
587,0.2831423045,2.422849478,0.3508116216,0.6102977517
588,-1.313840018,0.9213785296,0.3538429988,0.7160072505
589,1.527325427,0.397024293,1.961748579,0.5362170965
590,1.286180313,4.354401268,0.4184019477,1.842228957
591,0.1817492729,5.022950727,3.99766018,0.3323776467
592,1.079157923,2.316555507,0.1895344674,0.4679777646
593,-0.8922281494,1.696985703,1.202298336,1.604316943
594,-0.8015321437,3.509187996,0.3685565679,0.3982948466
595,-0.3344479796,3.255634245,0.7105591642,0.6144619196
596,0.668065261,0.267219665,0.2343405122,0.8355695342
597,-0.7582245877,2.305725769,0.02782812435,1.270624749
598,1.600248593,2.058379933,0.2385558705,1.52901634
599,0.90607781,5.027239788,2.530907754,1.855009367
600,-0.7513027512,5.234747558,0.7765993401,1.869338449
601,1.127866224,1.928458451,0.04539574844,2.389887152
602,-0.9544102313,0.05126943346,0.5420943485,0.5218484203
603,-0.668715283,4.807818306,0.3218276002,0.7101548262
604,-0.703460103,5.77014133,5.581858157,0.9006260076
605,-1.696296427,0.8716899301,0.440061503,1.358832996
606,1.542562781,5.147428164,1.814410901,1.780048447
607,1.223235736,0.2538528079,1.216622974,0.5289951529
608,-1.192116126,0.3006521277,0.1519876011,0.6032322557
609,1.158172583,3.476301884,0.1723660682,2.978770864
610,-0.2449579167,0.5443001194,2.004899641,1.756879437
611,0.9052888786,2.482088112,0.1001750882,1.963911435
612,0.7448164921,1.868536663,0.1791889779,1.850023251
613,-0.4534924489,4.72377161,0.2186413879,1.232489259
614,0.4652057922,3.015443272,1.922268911,1.68500505
615,-0.4016780205,4.214505315,2.498805271,2.040308379
616,-0.7550790273,3.879912584,0.5650488934,1.631408784
617,2.119235853,3.115559106,0.7029334595,1.258137654
618,0.6293301792,1.528310261,2.15838293,1.30575367
619,-0.7681687134,5.951322635,0.8392149247,2.09245948
620,-1.079431633,4.434409856,0.1176132569,0.7795214556
621,0.9932744723,5.733594736,1.274811909,1.180654771
622,-0.8659036871,1.987560411,0.4901501532,1.163939044
623,-0.2906522956,4.462081333,1.066285574,1.014978585
624,1.428464704,1.579680274,0.8065497246,1.263310979
625,0.1468511384,4.23536505,0.7115808641,0.7657634995
626,0.1745998141,2.330568013,0.7206114735,1.060970847
627,0.2482670982,4.90400899,1.515637666,0.8251092577
628,0.7485765619,2.641422685,0.1772077968,0.7009856548
629,0.2439074819,3.205043773,3.405564083,1.111479271
630,-1.897860995,1.10618516,0.4025213648,0.5980544152
631,1.049499187,2.133988939,0.3134979243,0.5570173171
632,1.504537618,1.654310557,0.143568092,1.059172514
633,0.7549239973,2.4520367,0.9230595324,1.657271352
634,-0.1251287996,5.165437298,1.768403167,1.248925909
635,1.430257642,0.6267004805,2.663862286,0.5176751497
636,2.277644631,5.193864212,1.830306357,1.165390473
637,-0.5555022591,5.811235862,0.4899547096,0.7530935698
638,0.7369779266,5.284104712,1.298779571,0.9964069543
639,1.74335821,3.156407023,0.650005816,1.235404077
640,-0.6325368314,2.491346448,0.285173982,1.198139026
641,1.451460653,2.053563458,0.02755872579,0.6725998955
642,2.276544141,5.569264138,1.450882753,1.046549395
643,1.342974633,4.281781917,0.01492256038,2.324738308
644,0.1808236332,1.067246432,1.308835247,2.194728467
645,1.142111514,2.730772313,1.220165864,0.3717944188
646,-1.671800809,0.7466061409,0.2364995405,1.687184248
647,-0.4114288333,3.403981173,3.097998821,0.9063336172
648,-0.2756322536,5.693239773,0.7101686905,0.7819943686
649,-0.8832473925,3.826110209,0.9018674874,0.5625646136
650,-0.4647113877,0.4881381257,0.927229058,0.5566063506
651,1.632110909,0.261097027,1.69184174,0.7945030304
652,1.635862953,4.0337955,0.9034767737,0.9014381393
653,0.9105668292,3.423041308,0.1522104996,0.432434466
654,-0.9855440669,0.6485430454,2.394949863,1.654400533
655,0.01825932749,2.735805212,4.208518792,1.470563367
656,0.2600836403,4.208275629,0.7540307538,0.6432695836
657,0.39994052,3.048945188,0.3579178844,1.799251864
658,-0.1305272959,0.9304119064,0.8414272889,1.149054368
659,-0.4928922133,4.840349677,0.3346435482,0.9664938183
660,0.1066427588,1.934931956,0.3317656792,1.006031951
661,-2.738285242,3.327257671,1.359625786,0.8452958483
662,0.6155972533,1.015534136,3.067487754,0.58603106
663,2.131496036,0.1309333448,2.293997807,0.5910513276
664,-1.64043637,0.8124005185,1.64505431,4.198910041
665,-0.1089931203,1.94307207,0.4456400601,1.624579091
666,1.128317842,1.508179687,0.1053308086,0.962184782
667,1.307311255,3.617265184,0.9195990515,2.0531906
668,-2.035594108,4.388858983,0.5541895684,1.160406729
669,0.8888266629,2.829698868,0.1506314203,0.9690788257
670,1.40056086,0.1411246117,0.05037943134,3.036131241
671,0.1044949716,2.310716805,0.7374809326,0.8137208499
672,0.6598840138,5.238967588,0.2819957114,0.8651433862
673,-0.8727348417,1.349106874,0.131439195,0.5511504438
674,-0.9214491461,2.228100325,0.18898542,0.3037534779
675,0.9522056608,0.5039986689,0.1074467627,1.122577788
676,0.2338898889,0.5807031482,0.3143726098,1.777276262
677,0.09383049225,1.828347239,0.1007450269,2.091348367
678,0.6499568609,5.469435958,0.2521030529,1.138684147
679,0.6921304284,0.8010747065,0.748360129,0.5288314505
680,-0.4519483346,0.9169341247,1.436628174,0.9916680101
681,-1.808658571,0.6585708163,0.4062702609,1.574887244
682,0.6601823967,3.22223755,0.493333464,1.066724897
683,-1.110048287,1.993377074,0.4081157325,0.9214041562
684,-0.7947569361,5.040080131,0.3996226033,2.012078944
685,-1.105676472,0.1633135742,0.02719659032,4.233217482
686,0.4666111211,4.952631039,0.1465544986,1.282297989
687,-0.2749658413,1.35213481,0.9591317921,2.407282212
688,-0.7996958056,2.449212958,0.1168386936,1.514942947
689,0.7385882564,2.074242837,0.4271385688,1.141807276
690,1.030298648,3.94595742,2.07318617,1.797404356
691,1.059454597,5.970356482,0.4030903718,1.330279773
692,-0.2618124472,0.6626629494,0.7968612459,0.4803769174
693,0.652597352,2.131704731,0.13058531,1.202754535
694,0.886444517,4.513242922,1.326121565,1.242064007
695,-0.6982839855,5.799641512,2.527334792,1.495851317
696,-1.410126603,3.424691694,0.4818454538,1.520881831
697,-0.8354114806,1.860146787,2.140379374,1.28933408
698,-0.4819286996,0.9769512406,0.09367624539,1.589642055
699,-0.429679804,0.3043308039,0.1847364837,1.029965965
700,-0.7892040076,5.620757004,0.4768504365,1.112143622
701,-0.2875266436,1.414441211,3.043004796,0.9220533404
702,0.6598822924,4.312313278,1.992151821,1.669905746
703,0.7032238563,2.213443257,2.154329722,1.16600861
704,-1.399953725,3.211579314,0.8730026707,1.218082118
705,-1.225611383,1.980190622,0.5337364312,1.023376882
706,0.7553703732,3.013703586,0.8389990627,1.025950315
707,1.364524512,2.736282614,4.539534528,1.006101158
708,1.109122146,3.400940476,1.472901251,1.179253847
709,-0.8578655992,2.860875123,0.664798737,0.6867835348
710,1.154216277,1.569654449,1.017146022,0.9304772467
711,-1.295304893,5.559622672,0.9176485588,0.8175163016
712,0.4152742711,3.442909854,0.02957546848,3.483557021
713,0.6763931934,4.402891754,0.02923788871,0.5075740826
714,-0.3044169447,2.429684642,1.174815504,0.5923778932
715,0.418499402,1.943233956,2.138668219,2.064783832
716,-0.2396902481,1.413421383,3.452916384,0.6609370365
717,-1.992922429,5.522332334,2.29321369,0.8856330399
718,-1.337927511,0.4237264451,0.5217271419,1.872839604
719,1.415885526,5.754424671,0.9834149349,0.6780089998
720,-0.5340227845,5.146893569,1.458370004,0.5670690446
721,1.162929656,5.008127523,1.169296346,0.7137039037
722,-0.7008476838,3.123750815,0.04822088568,1.89570128
723,0.2317118528,1.390836152,0.1480023507,0.5080723883
724,0.1528811866,3.942098941,0.6497335513,1.513450491
725,-0.1586313186,4.468815131,0.3690946596,0.6836069638
726,-0.01939606493,0.600700933,1.294334445,1.39196093
727,1.347401396,2.223553784,1.742136799,1.445692322
728,1.872326372,2.75877479,0.3106677418,1.333579545
729,0.08185279488,2.532147699,1.094494498,1.011034984
730,-1.238653037,0.9671977577,1.511952176,0.8761058969
731,-0.5233925494,5.203593893,0.2656056136,3.398389233
732,-0.8002081281,5.887487166,0.2507778201,1.019519224
733,2.184385723,2.275070471,1.212713996,0.7441380128
734,0.7749608305,3.732314803,1.962090583,1.197718493
735,0.6814613493,1.396967116,1.177717979,1.330837335
736,0.2025998481,5.405197816,0.1739104502,1.026142104
737,0.3689354601,2.621715374,0.4009627812,0.5120921725
738,0.627128561,3.386608981,1.000143174,0.7866503985
739,0.760821718,2.950962364,0.8464502571,0.2854314311
740,-0.5856789492,5.558737339,0.6924178158,1.527210909
741,1.558123145,5.1858959,0.01993231889,2.285434647
742,0.3262260834,0.9969358197,1.606969955,0.5625488934
743,0.4116616611,3.347561857,0.125638071,0.654923797
744,-0.5521899873,0.980369146,0.1305234106,1.397683428
745,-0.587685901,2.146456806,0.6289835637,1.479763558
746,-1.350511251,2.351994455,0.1160220341,0.7030849373
747,-1.142907113,2.869295631,0.3964654715,0.8395076334
748,-0.8656308532,1.280283508,0.015911425,0.5260124632
749,2.776079434,2.945356324,2.157148543,1.389818832
750,1.012891105,3.44547612,2.79574167,0.70241223
751,0.9391464896,4.171132711,3.332759504,3.257385538
752,0.4603192099,5.114476422,0.9926253287,1.219983128
753,0.7578454036,1.061421306,3.432363316,1.225310418
754,-1.683899725,4.690356336,0.6187508148,1.633115052
755,-0.8525405261,0.008359531872,0.8317975998,1.599732603
756,0.7126422795,4.986694645,0.8617255515,1.516836846
757,-1.325572259,5.291168605,0.3807497513,0.7953405108
758,0.7870134638,2.47365101,0.74301554,1.646214126
759,-1.693421272,1.234266057,1.004837461,2.473476716
760,1.725812632,5.917992638,1.402342744,1.105247239
761,-0.4934135253,2.812343809,1.019649694,2.381294611
762,1.088529993,1.967264616,1.038130177,0.7705505972
763,-0.4124395044,4.788994102,0.7263563819,0.7326131967
764,-1.154432919,1.881510291,0.7049019495,0.9265637221
765,-1.137682676,3.551485926,0.1531959199,1.170735725
766,-0.4115055329,1.585543334,0.8245559187,0.6318632755
767,0.5225687159,5.090329141,0.06632816186,1.779441199
768,-1.779953511,5.394171854,0.9994354974,2.690887041
769,-1.422548452,2.062762179,1.215519914,0.5821618481
770,0.3409298787,5.528481237,0.02470382096,0.8447564258
771,-1.446005668,0.2044600197,4.107516413,1.627075327
772,-1.578206724,5.235013673,3.230085351,1.022545573
773,-0.4675180134,3.936795416,0.06248711841,1.027294264
774,-0.6346546675,4.610607931,0.294579782,0.8778603711
775,-0.7791113375,2.956016681,0.7319095862,0.382374713
776,0.8234074874,1.815327475,0.1832746598,1.299063085
777,0.9199033061,1.323427218,0.4556910302,0.784511222
778,0.2435881201,2.869474622,0.8938543975,0.8714611126
779,-0.2667076,4.231340084,1.212979248,2.209189672
780,1.100886047,1.037974545,2.922341488,0.9831325728
781,-1.050813573,5.919362206,0.4852394937,1.954137749
782,-0.1042018005,3.843539688,0.1652981825,1.418916249
783,-1.987113936,3.307970753,1.289981255,1.082963763
784,1.016777509,3.624796812,0.7210697286,1.175053365
785,-0.7135961079,0.7677511568,0.4457491083,2.475849075
786,-0.1233699354,1.969961763,0.2142171301,0.7494005342
787,0.5320436278,2.4804973,0.2207813673,0.7941482697
788,0.5603265493,0.7927853786,0.3231133418,1.395355234
789,0.7146497994,5.574196885,0.4052880919,1.158149632
790,-0.1830301234,3.594740416,0.02453873912,1.038172534
791,-2.078200042,0.465066574,0.357137582,0.8418024207
792,0.5012397529,5.188276495,0.9885047627,0.4516407148
793,-0.6819554954,2.272351534,0.9434766089,0.4231848773
794,0.2555044566,3.787515193,1.131232756,0.9451554339
795,-0.7298806317,1.660057968,0.17377404,3.086269386
796,1.515665026,2.11447215,1.884468069,0.7489785808
797,0.3128423801,1.941388241,0.07168311626,2.218840825
798,-0.6907198155,0.1502970583,2.534446644,1.627292482
799,1.513246151,3.697843366,1.167783053,0.9637947264
800,-0.5572447374,2.540322453,0.382023761,1.542811086
801,-0.428430273,1.850309006,0.7863695183,1.838969375
802,0.635018314,1.3619583,1.643562112,0.6028129284
803,0.06899070348,1.690963922,0.2616367531,1.512765464
804,0.8841505874,3.054627721,0.9583559918,1.584708148
805,1.946613364,5.143739572,0.3370473343,1.887036894
806,-0.004933681815,3.723396529,2.245555615,0.8962375783
807,0.0465054276,0.4064190653,0.388627178,1.237562446
808,-0.5831277847,4.322962713,0.4837489203,0.6724486566
809,-0.5072932747,4.564280057,0.05565464933,1.830084713
810,-0.6013239929,2.670885648,0.06227234751,1.013180056
811,-0.356654936,4.778262321,0.8338739762,1.213474869
812,0.7639388005,3.210994237,0.880836846,1.857828575
813,-0.4575050026,3.96554309,2.959174685,0.7773622138
814,-0.9912922147,1.388676031,2.579883703,1.064415444
815,-1.209694086,2.610403541,0.1016423924,0.6845854493
816,-0.03004787027,5.156656221,1.339934883,0.8699029027
817,-1.088328386,0.8900475791,0.8871574997,2.142659233
818,1.126490332,3.685500963,0.4525127355,1.008415193
819,-0.008951004204,0.4438951383,0.02760950662,0.7749284752
820,-0.08583924613,5.681083775,0.7384712972,0.9605582923
821,-0.8298743627,3.729270676,1.235894484,0.7147475226
822,0.3199564192,0.4734801524,0.2591843707,1.15757584
823,1.007098163,5.764999844,1.050227549,3.120703371
824,1.782899899,0.2717555598,0.1386779048,1.370278241
825,-0.2514316109,2.781443173,1.79570553,0.9278002039
826,0.3022974724,2.805464781,0.09147175774,1.090940844
827,1.129649601,0.8920053639,2.433640176,0.6058836462
828,1.661807008,5.220871489,2.983218917,1.095540541
829,0.5847498864,1.339767669,1.27646444,0.9104706096
830,0.9781057365,0.889864577,0.06483361823,1.467119752
831,-0.03891239478,0.07931898348,0.06664996175,2.432950438
832,0.6929909025,3.425019141,0.4057448669,2.395304876
833,-0.1651955942,5.978712752,1.805760715,0.8952053809
834,1.473252167,3.319522185,0.2132100941,1.004884291
835,1.920319423,4.694742889,2.837836988,0.7825120912
836,1.341240357,1.806966531,1.367440842,0.6872677645
837,-0.4736426988,2.949083488,0.4875049661,0.7975162475
838,2.81553463,0.06963620195,1.323417403,2.841876624
839,1.153165215,4.959606196,0.3467465019,0.9889941957
840,-0.5027608874,4.378628554,0.2954124781,0.9081291638
841,0.08724910186,2.138897602,0.0741523279,0.7925912508
842,-0.1993327026,1.788070123,0.8680653693,0.6316798196
843,-1.316251386,3.354225626,0.6249118084,1.372589221
844,-0.8819685416,4.397632347,0.7767714811,0.6098932852
845,1.820678381,5.932936,1.057578667,1.20229368
846,1.542870466,5.803117886,0.4084838368,1.0385014
847,0.4881355915,4.69413531,0.8219614354,0.3267860193
848,-1.375122305,1.713679648,0.3420351758,1.723817497
849,-0.6893561378,2.151568169,0.5969037209,0.5803658674
850,0.01503633073,3.774411041,0.2301237387,0.8481640305
851,-0.2871686671,4.94968054,0.7575857332,0.8729779629
852,0.1179785289,5.282109094,1.593052428,1.510262495
853,-0.126065095,2.329178003,0.3865877214,0.703424524
854,0.3961565746,0.008759723045,0.5532267061,1.249827059
855,-0.846586726,3.959951764,0.3264365951,1.159740159
856,-0.4329804408,0.5852265023,1.184471074,1.105431986
857,0.4741362511,4.006084899,3.281382002,2.006612881
858,1.436627132,0.2881046813,0.1168941436,0.7773564935
859,-0.6330565164,3.343843732,1.598081669,1.266445144
860,-1.49718588,5.761132736,0.7944244174,1.129539679
861,1.256600436,4.279624483,0.435703319,1.572986267
862,-2.02815103,5.357433657,0.7538033994,0.9707316069
863,-0.3052563293,0.5170709747,0.02188889356,1.702768001
864,0.9280677604,1.295438049,1.350075901,1.185988733
865,1.040102387,0.7746774796,0.08838679921,1.519288415
866,0.03400963408,3.021469623,0.4462179122,1.26386104
867,-0.4048814376,0.8662657058,0.6571218744,1.005497191
868,0.1749631743,5.124898679,1.832678178,6.811803645
869,-3.053054396,0.5523305023,1.477266883,2.192225146
870,1.191661632,4.910886839,0.3117631148,1.055622582
871,-0.8956681981,4.628162253,0.6675907611,1.004669954
872,1.686611714,0.2341334126,1.05576225,3.561496037
873,0.698442484,1.25821891,0.8096760818,1.392125459
874,-1.876474313,2.720769234,1.40313674,0.7035410546
875,-0.03287340906,0.6039645374,1.524289993,1.530127225
876,0.1438337316,3.137376842,1.003499232,1.52675975
877,1.1525889,4.386535676,0.08882050263,0.5044630213
878,2.40578983,2.422907053,2.504383607,1.044387752
879,-0.01943773844,5.256475226,0.1369933926,1.48952602
880,0.3887343794,3.414644154,0.06115432396,1.167119911
881,-1.167876378,1.914778858,0.5143484436,0.5466270289
882,0.6332121285,4.603983964,4.031634515,1.009429361
883,-0.9314844165,3.101569546,1.333764614,0.8391444076
884,-0.08220576284,0.7311850456,1.283795779,0.7598161018
885,-0.6299245542,5.457279881,0.4992696545,0.8009971226
886,0.9013738325,5.152607893,0.9667059769,1.048155938
887,-0.03801229767,3.517646962,0.7230071509,1.197735484
888,-0.357292181,2.497588676,0.90598449,0.447922453
889,-0.3498752514,3.395512622,1.002250063,1.282661281
890,0.2302833396,3.694790515,2.883499384,0.7052486203
891,0.9737585475,0.8906195895,1.930250803,3.02519358
892,0.6978372294,5.369297143,1.160791959,1.726191087
893,0.3670488112,3.191905523,0.52336779,2.379023588
894,-0.2885744047,5.082791605,0.3340275618,1.007987834
895,0.2856592623,0.3901636032,0.3651384972,0.8510860202
896,1.223195705,3.606492174,1.354548477,2.540810232
897,-0.2271963878,1.797050019,0.384143394,0.7016407443
898,-0.04666231695,4.529085761,0.4147831183,1.039106375
899,-1.163259156,0.5215926873,0.568856576,2.219141493
900,0.2520572395,0.7194077605,0.1050715624,1.397719333
901,-2.28216708,1.935905825,0.2955493545,1.00514851
902,1.286550919,5.19464118,0.8641591463,2.308181728
903,1.061185846,3.019703083,0.5841256916,3.448793601
904,1.011070027,5.811429815,1.168693043,0.609127807
905,0.9683386189,0.8090438386,0.3507610213,1.853690332
906,1.922073574,1.894981127,0.2226639506,1.15066894
907,0.1420966118,2.365168749,0.489010971,0.981249959
908,0.5873715283,3.211125041,3.150517367,0.8920134842
909,-0.2430527314,3.527400426,0.753507534,0.3125837032
910,-0.8699693577,0.8142101225,0.05786971799,1.080415682
911,-0.2641857609,0.320081315,0.9479738599,0.9942717838
912,0.03155858305,1.752836944,0.9808284416,0.8315464629
913,0.29247841,2.98245891,0.1100326684,1.582862989
914,0.4174401581,1.158629295,1.382141175,1.391622015
915,0.1359011029,2.510519922,0.5354020842,0.5138206539
916,-0.3896846732,0.4020149424,0.3195681744,0.9212459941
917,0.3604953126,4.065424975,0.81029288,0.9596058943
918,-2.346844767,0.567769764,1.666796129,2.618874382
919,-0.009053266331,0.7677300135,0.7449192252,0.6420011988
920,-1.608980271,1.121662425,1.70143591,1.244089172
921,0.05043739889,0.1510902615,0.4160725698,0.5173560707
922,-0.1271694351,2.560139583,0.1872975868,1.588901653
923,0.7721228453,4.738556733,0.8951544888,1.76504264
924,0.2837291316,5.737555614,1.285714774,1.301908182
925,0.2150008957,3.357284216,1.486727889,1.322264033
926,0.3166034835,0.2685257122,0.4734572925,0.8023320742
927,1.181216268,2.984227412,2.691221589,2.128673929
928,0.3168982112,2.976644478,0.3769271169,4.277123991
929,-1.287461367,3.143404942,0.8553471556,0.9089587074
930,0.1924366675,0.6786856195,2.563491771,0.9867273463
931,0.028703368,2.152068246,0.8180334562,0.8568649345
932,1.968489444,5.589330189,0.1177245271,0.4697875227
933,-1.076047617,4.477487558,0.3263672604,1.193177133
934,-1.599617136,1.308333315,0.6559147518,0.8667582931
935,0.2093855459,1.48676089,0.2098481786,1.139366514
936,0.2287874312,0.7784310021,2.488327091,0.3685626586
937,1.318120444,3.585029683,0.1921149981,0.9413589739
938,-0.7084689716,4.566763833,2.171357429,0.660179576
939,1.175401227,1.292705962,0.7239528307,1.25766289
940,0.8863736823,3.683479124,0.335353415,0.993360176
941,0.4397711522,5.66886769,0.9482880739,0.8449921151
942,-0.1221446895,2.185109342,0.9271934942,1.157889711
943,-0.8450236132,3.820961683,1.173178172,0.7278741755
944,-0.131458843,2.173893821,0.9636838653,2.54498725
945,0.7270595692,2.981186853,0.6001920104,2.271629006
946,0.8623026921,3.125321359,0.1034059788,2.550280096
947,-0.2929027,1.439051224,2.621473128,0.6617052188
948,-0.06137083613,5.810307078,0.7934172684,0.787134987
949,-0.6150722068,3.78341175,2.112081705,2.033563839
950,-1.10596596,5.391072275,0.02588563864,0.9974741531
951,0.06984053767,0.7439819598,0.1844824373,3.966276193
952,1.13644334,0.4399871989,0.9472442746,3.20359827
953,-0.8576835957,5.136727796,1.725850575,0.7553077386
954,-0.1206273985,4.257873095,0.4611218623,0.5362740226
955,3.066813551,0.5468185279,0.4758187872,1.020224739
956,-0.1480050921,3.398230471,2.486862069,0.518898137
957,0.6385019924,3.179721957,1.690079365,0.8421840484
958,-1.781658378,2.676672264,2.194597186,2.341983889
959,0.5404801552,3.347558781,0.1778096011,0.6446729206
960,-0.05811620022,5.8992355,3.723851537,0.7439497458
961,0.2814387878,3.558214035,0.2654818505,1.458858115
962,1.994087678,2.615008693,0.7810506271,1.605235346
963,0.8292151818,0.4435300352,0.4263859335,0.8891053098
964,-0.1121792172,4.699402335,1.002632123,1.84671001
965,0.5988120028,1.260281551,1.160408938,0.6135193634
966,0.1008372378,1.224805037,2.642759604,1.087349884
967,2.479595565,0.4368742844,0.6078552576,1.864264578
968,0.06056829179,1.781186745,0.5047003496,1.273503122
969,0.05770289134,5.589496743,0.9836994586,1.349065971
970,0.1467206628,2.89778514,0.5075451923,1.047824474
971,0.4077489097,1.527786198,0.7439943092,1.420083441
972,-0.1987626362,3.444524858,0.2501311787,1.406980399
973,-0.7935679747,4.634032165,1.859708629,1.925014006
974,-0.3807282564,1.230950933,0.639130848,2.992107116
975,1.101554302,2.91130556,0.7043075066,1.173881876
976,-0.8242103086,4.691035347,0.1214383845,0.6479183334
977,-0.5652236422,1.282101971,1.279853088,0.7988593148
978,-0.5032148993,3.74038279,0.1005776678,1.114939204
979,0.03847999721,4.080384874,1.094992391,1.521092226
980,2.24878718,0.2961572581,0.1656084801,0.8779817966
981,-0.2190979909,2.442616966,0.1741344067,0.9129497969
982,1.000059251,1.469849251,0.07938615372,1.502457991
983,-1.557425273,2.721625668,1.222146519,0.6726443449
984,1.100012172,5.50676668,1.947446981,1.219928367
985,-0.1019044339,5.219632085,0.229362336,1.482964953
986,0.9477316334,3.667334205,0.1573594453,7.304775418
987,0.4750242229,4.992317893,0.08109572451,1.005229392
988,0.7735456628,2.428453416,0.3870773199,0.8574042689
989,0.3006896993,5.976348975,0.5848485772,0.9983131029
990,-0.4803966075,5.379044905,0.01770850053,0.9115299926
991,-1.17645683,2.562161216,2.692068888,1.456716354
992,2.01724759,4.334266169,1.433234929,0.723807744
993,-1.778854844,5.738525779,2.07005424,2.024858829
994,-0.2197209392,3.838909285,0.1755506182,0.4624218509
995,0.5543631613,1.144758434,0.9747673114,2.192125617
996,0.490207472,4.265973771,1.154381098,1.86102833
997,0.3290242243,2.680641681,0.4919620072,2.006804896
998,0.532447864,2.677387023,3.464562632,0.8864634133
999,0.6540622672,3.327883267,0.1412918377,0.9253553717
1000,0.7602005254,1.804071311,0.9091083653,1.01780743
