best,worst,option1,option2
bowl,starving,mail,dentist
sad,reverent,circle,helpless
salad,powerful,volcano,slush
drown,bliss,curious,louse
statue,suspicious,displeased,poison
swift,solemn,scornful,humble
song,victim,delayed,mold
gun,stagnant,bandage,whistle
applause,filth,travel,perfection
god,seasick,intruder,windmill
storm,revolver,depressed,quality
sunlight,history,curtains,crucify
cat,elegant,pig,headache
prick,haphazard,lice,communal
ketchup,syphilis,earth,anxious
body,pungent,paralysis,weapon
face,diploma,advantage,paint
hardship,morgue,resent,prestige
bake,satisfied,health,circus
silly,delight,diver,king
dog,nectar,fear,pencil
arm,rancid,patent,wagon
safe,crude,dream,rape
mistake,cabinet,violin,blister
food,gymnast,agility,protected
addicted,subdued,masterful,ambition
lighthouse,loyal,perfume,thankful
flag,corpse,enjoyment,clumsy
devil,legend,alley,broken
tornado,distressed,slave,horror
yellow,pleasure,kind,sweetheart
insect,iron,startled,sunrise
rain,mobility,interest,capable
lake,cannon,crown,hide
fireworks,ulcer,anger,profit
mad,bastard,dress,regretful
cake,disdainful,hamburger,youth
friend,scorn,sphere,vision
shotgun,nonchalant,mischief,enraged
angry,pervert,embarrassed,vampire
paper,skeptical,wonder,confident
lump,graduate,respectful,disgusted
clothing,orgasm,folklore,dummy
finger,gossip,army,square
hairdryer,secure,swimmer,brutal
hairpin,gripe,bench,demon
failure,identity,desire,outdoors
hotel,bankrupt,detail,tower
fork,immoral,stove,shark
home,inhabitant,astronaut,destruction
key,impotent,fungus,nuisance
red,scalding,dancer,hug
loved,toothache,pie,field
guilty,spirit,offend,discouraged
quiet,tumor,scream,carefree
dirty,modest,flood,rifle
shy,obey,frustrated,destroy
foam,pride,rat,pus
spring,guillotine,lesbian,malice
heroin,slum,leisurely,rigid
child,thermometer,cash,radio
useless,quarrel,blossom,pollute
good,blond,fever,fabric
plain,scapegoat,cemetery,answer
birthday,gloom,hate,vagina
slap,arrogant,foul,shadow
eat,manure,hurt,champion
tidy,habit,affection,computer
robber,avenue,illness,riot
messy,phase,slime,lonely
beverage,skyscraper,riches,activate
sun,controlling,woman,lantern
bath,scholar,clouds,coffin
dollar,tune,awed,invader
hospital,weary,mildew,terrified
friendly,severe,treasure,savior
gift,sex,suicide,sentiment
chin,romantic,bright,egg
nice,untroubled,toxic,owl
rude,locker,cheer,naked
bird,narcotic,alive,hinder
muffin,innocent,stench,nervous
toy,sinful,gold,sky
stool,rabies,rotten,trouble
river,patient,watch,violent
rainbow,reserved,selfish,month
terrific,vandal,meek,method
christmas,liberty,wasp,coast
save,lavish,handsome,decompose
easy,market,urine,reptile
wedding,glory,joy,talent
jelly,obsession,bar,ankle
win,movie,dark,trophy
lightning,mutilate,pistol,crash
sick,corridor,quick,upset
bored,soothe,space,sunset
ship,astonished,passage,insult
world,prairie,mushroom,nightmare
loser,measles,burn,muddy
mind,contents,invest,scorpion
hat,chaos,stomach,athletics
heaven,inflammatory,manner,misery
stiff,blubber,killer,wife
star,radiator,triumph,paradise
excellence,alcoholic,opinion,penalty
item,admired,alien,spanking
idiot,virtue,wit,boxer
white,hurricane,stink,rabbit
cow,penthouse,wicked,loneliness
adult,sin,insane,handicap
idol,greed,thorn,easygoing
lightbulb,yacht,insolent,overcast
fur,defiant,dignified,garment
restaurant,hostile,politeness,refreshment
autumn,ecstasy,icebox,blackmail
lamp,erotic,danger,fearful
bottle,sapphire,intimate,smallpox
foot,triumphant,jail,orchestra
party,unfaithful,magical,beggar
kettle,scorching,poverty,incentive
girl,engaged,pest,basket
house,burial,pressure,soft
wish,morbid,disturb,virgin
cold,radiant,trauma,infection
ocean,traitor,custom,cook
coin,obesity,cane,moody
plane,roach,grenade,afraid
bathtub,nursery,mantel,bland
door,menace,outrage,injury
evil,divorce,education,relaxed
farm,column,umbrella,housing
priest,hooker,terrible,knowledge
scared,outstanding,tease,village
crushed,social,sissy,wink
chair,elevator,ambulance,treat
kitten,grief,slaughter,stupid
jewel,revolt,scurvy,lazy
bullet,leprosy,fascinate,freedom
rattle,embattled,excitement,hammer
family,snob,cruel,dove
blind,terrorist,cottage,discomfort
mountain,merry,beauty,thoughtful
color,grime,vest,bees
skijump,humane,joyful,fraud
imagine,pamphlet,banner,lawn
sugar,hopeful,church,success
holiday,melody,fantasy,impair
medicine,infatuation,aloof,mystic
laughter,errand,writer,surgery
natural,listless,murderer,context
water,irritate,nature,joke
vehicle,contempt,ignorance,detest
corner,rescue,peace,waterfall
game,quart,agreement,fish
elbow,tragedy,garbage,doctor
tool,death,garden,decorate
car,employment,alone,golfer
flower,vigorous,dirt,depression
hard,progress,thief,young
puppy,trumpet,thought,highway
pretty,dreadful,vomit,brave
fire,scandal,pillow,abundance
building,couple,vacation,tense
lie,mutation,dump,nonsense
unhappy,cellar,heal,jealousy
doll,suffocate,table,ace
knife,carcass,lamb,betray
crime,lottery,jolly,nude
funeral,timid,torture,madman
warmth,dreary,mucus,nun
jug,repentant,detached,defeated
hungry,patriot,fight,ugly
pinch,twilight,honest,impressed
tree,taste,beach,trash
love,devoted,dagger,bomb
ache,valentine,respect,abuse
odd,garter,privacy,addict
kick,material,journal,cliff
grass,hydrant,chance,frigid
candy,gender,news,deformed
false,scum,moment,hawk
trust,tamper,insecure,wealthy
learn,intellect,lively,hostage
free,industry,salute,overwhelmed
teacher,indifferent,consoled,sheltered
idea,reunion,diamond,glamour
mosquito,coarse,muscular,spouse
cuddle,mangle,cancer,crutch
pancakes,inferior,noisy,comfort
father,despairing,war,snake
barrel,fragrance,troubled,millionaire
baby,saint,dead,criminal
queen,burdened,bathroom,breeze
rock,neurotic,noose,horse
achievement,cyclone,adventure,breast
bus,busybody,time,alert
hell,tobacco,execution,disloyal
frog,zest,kids,penis
kiss,immature,pain,infant
casino,maggot,disco,assault
spray,vanity,exercise,sickness
sour,deceit,nurse,bouquet
cute,memory,money,razor
happy,disappoint,black,fault
pasta,germs,mighty,tender
milk,power,museum,ink
hand,rage,truth,rough
fall,appliance,metal,city
letter,whore,spider,luxury
boy,engine,window,runner
lion,despise,prison,cork
smooth,thrill,air,bold
cut,obnoxious,flabby,abduction
scissors,masturbate,shriek,panic
gentle,lust,accident,needle
adorable,annoy,proud,chocolate
slow,miracle,confused,concentrate
butterfly,limber,unit,charm
grin,abortion,massacre,anguished
name,putrid,people,scar
beautiful,intercourse,neglect,part
skull,promotion,improve,leader
book,coward,utensil,fatigued
strong,deserter,clock,glacier
greet,assassin,silk,wise
bed,passion,stress,honey
tank,famous,wine,bless
truck,lawsuit,kindness,acceptance
brother,poetry,daylight,excuse
nipple,cell,avalanche,champ
trunk,cuisine,event,option
snow,caress,justice,beast
butter,dismay,bloody,victory
heart,blase,fat,hope
reward,shamed,taxi,honor
cord,corrupt,python,tomb
knot,rusty,inspired,damage
plant,moral,bride,allergy
art,aroused,flirt,wounds
headlight,malaria,inspire,favor
mother,voyage,life,machine
man,dazzle,palace,street
board,elated,cockroach,termite
lost,lucky,seat,rollercoaster
sleep,disaster,waste,music
crisis,alimony,absurd,derelict
swamp,gangrene,festive,rejected
angel,ennui,debt,ridicule
serious,bereavement,sexy,luscious
sailboat,memories,comedy,punishment
present,blasphemy,maniac,agony
bunny,nourish,office,fun
surprised,kerosene,useful,nasty
pet,humor,grateful,aggressive
hit,poster,fame,dustpan
green,feeble,optimism,pity
dinner,theory,humiliate,person
hay,venom,dawn,snuggle
pizza,obscene,tennis,hatred
blue,kerchief,glass,cozy