Item1,Item2,Item3,Item4,best,worst
0,1,2,3,0,3
4,5,6,7,5,4
8,9,10,11,8,10
12,13,14,15,14,15
16,17,18,19,17,18
20,21,22,23,20,21
24,25,26,27,27,26
28,29,30,31,31,28
32,33,34,35,35,34
36,37,38,39,39,38
40,41,42,43,42,43
44,45,46,47,46,47
48,49,50,51,48,51
52,53,54,55,53,54
56,57,58,59,56,58
60,61,62,63,63,61
64,65,66,67,64,66
68,69,70,71,70,68
72,73,74,75,74,75
76,77,78,79,76,79
80,81,82,83,82,80
84,85,86,87,87,86
88,89,90,91,91,88
92,93,94,95,92,93
96,97,98,99,99,97
5,85,9,52,5,52
36,72,25,18,25,18
76,71,83,97,76,97
62,86,6,42,42,62
39,89,29,7,39,7
64,21,92,15,92,21
66,79,61,13,79,61
48,50,2,77,48,2
87,49,41,24,87,24
57,81,99,65,99,65
3,19,67,14,67,14
34,17,51,37,17,34
53,90,10,11,53,10
27,31,12,59,31,12
26,33,40,30,30,33
74,78,46,4,74,4
60,98,96,45,96,98
32,70,80,28,70,32
58,1,63,0,0,58
68,88,22,23,23,88
55,8,91,38,8,38
44,16,54,75,16,54
35,43,94,20,35,43
84,93,73,47,47,73
82,95,69,56,56,69
94,35,33,77,35,77
66,23,53,69,53,66
83,10,31,56,31,10
22,21,95,2,2,21
65,84,14,82,82,14
38,11,28,17,17,38
91,4,49,47,47,4
57,74,71,48,48,57
18,63,3,73,3,18
54,98,6,36,54,98
58,72,92,44,92,58
42,59,15,79,42,15
52,85,43,26,85,52
16,88,62,64,64,88
51,61,24,68,51,61
45,8,96,55,8,45
60,37,19,12,37,12
32,7,97,70,70,97
27,81,1,30,27,1
89,99,25,67,99,89
9,75,41,86,41,75
78,0,13,76,0,13
20,50,46,80,20,80
5,40,29,93,40,93
87,90,39,34,87,34
90,68,17,66,17,66
97,29,84,56,56,97
16,60,73,55,16,73
62,79,58,8,8,58
43,92,69,76,92,69
71,31,67,96,31,71
61,30,34,51,30,61
3,65,99,50,99,3
28,70,27,53,53,28
25,52,83,33,25,33
72,12,80,81,80,12
78,38,10,23,23,10
47,74,93,22,74,93
32,41,45,85,41,32
39,98,4,2,39,98
63,21,9,48,48,21
89,5,1,26,5,1
59,64,20,11,64,11
57,14,35,13,35,14
44,82,75,0,0,75
95,94,24,6,94,24
86,77,87,7,87,77
19,36,40,42,42,36
46,49,37,91,91,37
54,18,15,88,54,88
59,51,93,3,59,93
49,17,53,88,53,88
48,52,92,87,48,52
86,11,84,83,84,11
6,5,27,39,39,6
47,77,33,82,47,33
69,89,41,67,41,69
54,90,42,97,42,97
1,79,95,96,96,1
81,14,62,55,55,14
8,99,76,4,8,4
25,46,43,31,31,46
63,66,18,22,63,66
98,61,19,35,35,61
60,80,30,20,30,60
40,28,74,29,74,29
65,13,36,0,0,13
32,26,44,2,2,32
37,94,70,71,70,71
38,56,16,34,16,34
85,45,68,57,85,68
12,58,7,64,64,12
24,72,50,21,50,21
9,23,75,15,23,15
91,78,10,73,91,10
20,41,14,42,42,14
22,45,53,25,53,22
52,44,91,64,91,44
13,10,49,0,0,10
1,79,86,72,79,1
59,69,5,88,5,88
39,7,97,96,39,97
60,48,33,16,48,33
28,34,90,38,90,34
18,98,47,43,47,98
56,17,2,99,17,2
3,80,9,15,80,15
12,57,46,75,46,12
29,50,92,4,92,4
85,95,83,62,85,62
73,87,61,19,87,61
63,37,76,58,76,58
81,70,40,93,70,93
11,89,36,71,71,11
32,54,55,67,55,32
65,51,27,74,27,65
6,84,66,24,84,6
23,30,21,31,31,21
68,78,82,35,35,68
26,77,94,8,8,77
65,51,29,86,29,65
19,72,40,93,19,93
79,0,46,23,0,79
64,62,16,88,64,88
73,57,42,83,42,73
56,81,37,77,56,77
97,94,69,26,94,97
45,35,98,13,35,98
14,15,70,63,70,14
9,43,74,21,74,21
66,67,75,58,67,58
50,61,3,89,50,61
34,80,22,99,99,34
47,78,39,24,47,24
92,55,59,1,92,1
54,33,48,2,48,33
52,96,30,10,30,10
20,68,6,25,20,68
49,7,87,53,53,7
44,28,38,95,95,38
27,76,31,85,31,27
12,60,4,18,4,12
41,5,11,82,5,11
36,17,91,90,17,90
32,84,71,8,8,32
67,36,26,95,95,36
37,16,3,1,16,1
49,33,22,61,49,61
63,84,44,10,84,10
93,20,79,57,20,93
42,97,60,21,42,97
34,6,25,98,25,34
7,18,58,82,82,58
47,48,46,65,48,65
30,76,39,9,39,9
59,8,73,70,8,73
74,86,2,13,74,13
71,85,91,17,91,71
53,43,83,50,53,83
23,38,64,78,64,38
24,5,54,35,35,24
80,45,0,69,0,69
52,40,56,89,56,52
15,29,55,99,99,15
68,94,96,81,94,68
72,31,62,92,31,72
12,66,51,90,51,12
75,28,87,19,87,75
27,41,77,88,27,88
32,14,11,4,4,14
