best,worst,option1,option2,option3,option4
['825106228770697216'],['895773430737502209'],['895773430737502209'],['825106228770697216'],['843889130606137344'],['832979409518919681']
['841354135349952513'],['928300532124528642'],['820002854136070144'],['816343164676083714'],['928300532124528642'],['841354135349952513']
['830331776258154496'],['902227588009132032'],['830331776258154496'],['815557023366516736'],['902227588009132032'],['921324851658461185']
['872197389276385280'],['889056087009308672'],['817801846337261568'],['889056087009308672'],['872197389276385280'],['901760751152623616']
['825837382029209601'],['819864483141193728'],['833266466342440960'],['819864483141193728'],['825837382029209601'],['883023109460242432']
['863364746577313792'],['925041483568353280'],['848169663716626432'],['925041483568353280'],['836691496636145664'],['863364746577313792']
['839145863217889282'],['898957436526014466'],['898957436526014466'],['839145863217889282'],['827911993709514754'],['893399193737474048']
['906447947092647936'],['941257379060035584'],['941257379060035584'],['881112328653197312'],['906447947092647936'],['851888918207373312']
['840555470788149248'],['883029304875069440'],['883029304875069440'],['849011970204413952'],['826774125087633409'],['840555470788149248']
['900839107684958208'],['925426206710878208'],['830134096567341056'],['868813502097567745'],['900839107684958208'],['925426206710878208']
['931428836029366274'],['831967975611707392'],['913127148994646021'],['931428836029366274'],['831967975611707392'],['929386800522645508']
['905158707486629889'],['883987877922820100'],['905158707486629889'],['894977549989761028'],['829085472332857344'],['883987877922820100']
['821233209107218432'],['824645908784680960'],['874318156629762048'],['821233209107218432'],['932714719814840320'],['824645908784680960']
['831873161750777858'],['933639881145962498'],['831873161750777858'],['933639881145962498'],['862031016478859265'],['908986176438247425']
['817407111378440195'],['910900136376782848'],['910900136376782848'],['818366770989907968'],['881595365551734784'],['817407111378440195']
['909035573385551872'],['911557328897544193'],['891356324289802240'],['852576954435993600'],['909035573385551872'],['911557328897544193']
['924442245297778689'],['926920815198662657'],['926920815198662657'],['924442245297778689'],['836997448715350020'],['849654610558058496']
['893852298807582720'],['886531287103791104'],['886531287103791104'],['893852298807582720'],['867703984580169730'],['866905574822338561']
['837728913325436929'],['944973370520633344'],['898633930911264768'],['917057431599026176'],['837728913325436929'],['944973370520633344']
['868644843614031872'],['905162052817362945'],['918513758036725761'],['842646246192041985'],['868644843614031872'],['905162052817362945']
['905505634631680000'],['884809675413303296'],['846751748672966657'],['905505634631680000'],['884809675413303296'],['888471355435495425']
['855700279915933698'],['923249524981862400'],['845724240552824832'],['855700279915933698'],['915059102874824704'],['923249524981862400']
['902141686612193281'],['941799493917437955'],['941799493917437955'],['902141686612193281'],['864837110527864832'],['943208238039920640']
['864764317597609985'],['824353425966190593'],['824353425966190593'],['898238119144804352'],['864764317597609985'],['883090735326793733']
['869116348806422528'],['907637364759154689'],['937464406115536896'],['913759942208839681'],['869116348806422528'],['907637364759154689']
['836997448715350020'],['925041483568353280'],['909035573385551872'],['925041483568353280'],['907637364759154689'],['836997448715350020']
['839145863217889282'],['826774125087633409'],['864837110527864832'],['929386800522645508'],['839145863217889282'],['826774125087633409']
['869116348806422528'],['928300532124528642'],['869116348806422528'],['928300532124528642'],['924442245297778689'],['849654610558058496']
['898633930911264768'],['894977549989761028'],['895773430737502209'],['894977549989761028'],['898633930911264768'],['832979409518919681']
['925426206710878208'],['910900136376782848'],['910900136376782848'],['925426206710878208'],['906447947092647936'],['886531287103791104']
['845724240552824832'],['845724240552824832'],['818366770989907968'],['831873161750777858'],['845724240552824832'],['937464406115536896']
['868644843614031872'],['819864483141193728'],['866905574822338561'],['819864483141193728'],['932714719814840320'],['868644843614031872']
['921324851658461185'],['831967975611707392'],['921324851658461185'],['831967975611707392'],['867703984580169730'],['852576954435993600']
['830331776258154496'],['898238119144804352'],['905158707486629889'],['830331776258154496'],['872197389276385280'],['898238119144804352']
['868813502097567745'],['941799493917437955'],['841354135349952513'],['868813502097567745'],['941799493917437955'],['842646246192041985']
['855700279915933698'],['908986176438247425'],['855700279915933698'],['883987877922820100'],['884809675413303296'],['908986176438247425']
['827911993709514754'],['820002854136070144'],['827911993709514754'],['820002854136070144'],['923249524981862400'],['833266466342440960']
['849011970204413952'],['883090735326793733'],['883090735326793733'],['883023109460242432'],['849011970204413952'],['843889130606137344']
['913759942208839681'],['883029304875069440'],['830134096567341056'],['905505634631680000'],['883029304875069440'],['913759942208839681']
['931428836029366274'],['862031016478859265'],['862031016478859265'],['881112328653197312'],['891356324289802240'],['931428836029366274']
['902141686612193281'],['944973370520633344'],['836691496636145664'],['829085472332857344'],['944973370520633344'],['902141686612193281']
['846751748672966657'],['933639881145962498'],['889056087009308672'],['933639881145962498'],['846751748672966657'],['864764317597609985']
['837728913325436929'],['824353425966190593'],['851888918207373312'],['837728913325436929'],['817407111378440195'],['824353425966190593']
['840555470788149248'],['941257379060035584'],['840555470788149248'],['941257379060035584'],['821233209107218432'],['815557023366516736']
['825837382029209601'],['915059102874824704'],['915059102874824704'],['901760751152623616'],['825837382029209601'],['905162052817362945']
['888471355435495425'],['824645908784680960'],['913127148994646021'],['888471355435495425'],['824645908784680960'],['943208238039920640']
['918513758036725761'],['911557328897544193'],['926920815198662657'],['918513758036725761'],['898957436526014466'],['911557328897544193']
['863364746577313792'],['881595365551734784'],['825106228770697216'],['817801846337261568'],['863364746577313792'],['881595365551734784']
['848169663716626432'],['874318156629762048'],['874318156629762048'],['893852298807582720'],['917057431599026176'],['848169663716626432']
['900839107684958208'],['902227588009132032'],['893399193737474048'],['902227588009132032'],['900839107684958208'],['816343164676083714']
['825837382029209601'],['943208238039920640'],['928300532124528642'],['905505634631680000'],['825837382029209601'],['943208238039920640']
['902141686612193281'],['845724240552824832'],['866905574822338561'],['845724240552824832'],['902141686612193281'],['913759942208839681']
['868813502097567745'],['862031016478859265'],['862031016478859265'],['827911993709514754'],['868813502097567745'],['924442245297778689']
['840555470788149248'],['883029304875069440'],['883029304875069440'],['840555470788149248'],['906447947092647936'],['891356324289802240']
['863364746577313792'],['829085472332857344'],['833266466342440960'],['863364746577313792'],['843889130606137344'],['829085472332857344']
['841354135349952513'],['905162052817362945'],['841354135349952513'],['830134096567341056'],['881595365551734784'],['905162052817362945']
['869116348806422528'],['819864483141193728'],['819864483141193728'],['832979409518919681'],['842646246192041985'],['869116348806422528']
['825106228770697216'],['941257379060035584'],['941257379060035584'],['817801846337261568'],['825106228770697216'],['908986176438247425']
['837728913325436929'],['889056087009308672'],['889056087009308672'],['837728913325436929'],['898957436526014466'],['917057431599026176']
['881112328653197312'],['907637364759154689'],['901760751152623616'],['907637364759154689'],['849011970204413952'],['881112328653197312']
['909035573385551872'],['824353425966190593'],['909035573385551872'],['836997448715350020'],['893852298807582720'],['824353425966190593']
['929386800522645508'],['883090735326793733'],['848169663716626432'],['929386800522645508'],['883090735326793733'],['868644843614031872']
['839145863217889282'],['886531287103791104'],['816343164676083714'],['886531287103791104'],['839145863217889282'],['902227588009132032']
['818366770989907968'],['925041483568353280'],['818366770989907968'],['925041483568353280'],['932714719814840320'],['884809675413303296']
['826774125087633409'],['898238119144804352'],['925426206710878208'],['898238119144804352'],['820002854136070144'],['826774125087633409']
['931428836029366274'],['874318156629762048'],['874318156629762048'],['937464406115536896'],['830331776258154496'],['931428836029366274']
['831873161750777858'],['864764317597609985'],['831873161750777858'],['824645908784680960'],['817407111378440195'],['864764317597609985']
['821233209107218432'],['851888918207373312'],['821233209107218432'],['910900136376782848'],['851888918207373312'],['941799493917437955']
['913127148994646021'],['864837110527864832'],['864837110527864832'],['918513758036725761'],['852576954435993600'],['913127148994646021']
['815557023366516736'],['883987877922820100'],['883023109460242432'],['815557023366516736'],['846751748672966657'],['883987877922820100']
['905158707486629889'],['923249524981862400'],['944973370520633344'],['923249524981862400'],['905158707486629889'],['926920815198662657']
['921324851658461185'],['895773430737502209'],['895773430737502209'],['894977549989761028'],['888471355435495425'],['921324851658461185']
['900839107684958208'],['915059102874824704'],['915059102874824704'],['872197389276385280'],['898633930911264768'],['900839107684958208']
['893399193737474048'],['867703984580169730'],['855700279915933698'],['867703984580169730'],['836691496636145664'],['893399193737474048']
['849654610558058496'],['933639881145962498'],['831967975611707392'],['933639881145962498'],['849654610558058496'],['911557328897544193']
['830331776258154496'],['906447947092647936'],['836691496636145664'],['874318156629762048'],['830331776258154496'],['906447947092647936']
['881112328653197312'],['883023109460242432'],['937464406115536896'],['883023109460242432'],['868813502097567745'],['881112328653197312']
['848169663716626432'],['820002854136070144'],['820002854136070144'],['829085472332857344'],['848169663716626432'],['888471355435495425']
['900839107684958208'],['830134096567341056'],['815557023366516736'],['830134096567341056'],['855700279915933698'],['900839107684958208']
['863364746577313792'],['889056087009308672'],['889056087009308672'],['863364746577313792'],['846751748672966657'],['852576954435993600']
['872197389276385280'],['825106228770697216'],['917057431599026176'],['825106228770697216'],['841354135349952513'],['872197389276385280']
['821233209107218432'],['895773430737502209'],['831873161750777858'],['944973370520633344'],['821233209107218432'],['895773430737502209']
['913127148994646021'],['891356324289802240'],['891356324289802240'],['881595365551734784'],['913127148994646021'],['908986176438247425']
['924442245297778689'],['827911993709514754'],['898957436526014466'],['913759942208839681'],['924442245297778689'],['827911993709514754']
['931428836029366274'],['894977549989761028'],['842646246192041985'],['864764317597609985'],['931428836029366274'],['894977549989761028']
['868644843614031872'],['923249524981862400'],['831967975611707392'],['923249524981862400'],['943208238039920640'],['868644843614031872']
['840555470788149248'],['851888918207373312'],['866905574822338561'],['851888918207373312'],['840555470788149248'],['818366770989907968']
['837728913325436929'],['883029304875069440'],['824645908784680960'],['837728913325436929'],['883029304875069440'],['907637364759154689']
['898633930911264768'],['898238119144804352'],['898238119144804352'],['864837110527864832'],['898633930911264768'],['925041483568353280']
['839145863217889282'],['941257379060035584'],['843889130606137344'],['845724240552824832'],['839145863217889282'],['941257379060035584']
['902141686612193281'],['883987877922820100'],['883987877922820100'],['909035573385551872'],['902141686612193281'],['893399193737474048']
['921324851658461185'],['926920815198662657'],['867703984580169730'],['905162052817362945'],['921324851658461185'],['926920815198662657']
['817801846337261568'],['833266466342440960'],['932714719814840320'],['928300532124528642'],['817801846337261568'],['833266466342440960']
['836997448715350020'],['910900136376782848'],['910900136376782848'],['915059102874824704'],['902227588009132032'],['836997448715350020']
['929386800522645508'],['905158707486629889'],['929386800522645508'],['918513758036725761'],['905158707486629889'],['905505634631680000']
['825837382029209601'],['886531287103791104'],['886531287103791104'],['849011970204413952'],['825837382029209601'],['849654610558058496']
['869116348806422528'],['824353425966190593'],['816343164676083714'],['941799493917437955'],['824353425966190593'],['869116348806422528']
['883090735326793733'],['819864483141193728'],['826774125087633409'],['883090735326793733'],['819864483141193728'],['862031016478859265']
['893852298807582720'],['925426206710878208'],['925426206710878208'],['817407111378440195'],['893852298807582720'],['901760751152623616']
['884809675413303296'],['933639881145962498'],['832979409518919681'],['911557328897544193'],['884809675413303296'],['933639881145962498']
['869116348806422528'],['943208238039920640'],['917057431599026176'],['908986176438247425'],['943208238039920640'],['869116348806422528']
['839145863217889282'],['889056087009308672'],['889056087009308672'],['832979409518919681'],['902141686612193281'],['839145863217889282']
['928300532124528642'],['883029304875069440'],['932714719814840320'],['883029304875069440'],['923249524981862400'],['928300532124528642']
['937464406115536896'],['910900136376782848'],['855700279915933698'],['910900136376782848'],['937464406115536896'],['909035573385551872']
['820002854136070144'],['941799493917437955'],['883987877922820100'],['820002854136070144'],['941799493917437955'],['867703984580169730']
['881112328653197312'],['819864483141193728'],['925041483568353280'],['881112328653197312'],['883090735326793733'],['819864483141193728']
['825837382029209601'],['902227588009132032'],['902227588009132032'],['905505634631680000'],['825837382029209601'],['888471355435495425']
['913127148994646021'],['833266466342440960'],['905158707486629889'],['898957436526014466'],['913127148994646021'],['833266466342440960']
['830331776258154496'],['933639881145962498'],['933639881145962498'],['830331776258154496'],['895773430737502209'],['829085472332857344']
['921324851658461185'],['864837110527864832'],['864764317597609985'],['864837110527864832'],['921324851658461185'],['815557023366516736']
['924442245297778689'],['898238119144804352'],['941257379060035584'],['924442245297778689'],['898238119144804352'],['906447947092647936']
['846751748672966657'],['824353425966190593'],['826774125087633409'],['824353425966190593'],['846751748672966657'],['886531287103791104']
['929386800522645508'],['817801846337261568'],['817801846337261568'],['893852298807582720'],['913759942208839681'],['929386800522645508']
['874318156629762048'],['883023109460242432'],['862031016478859265'],['883023109460242432'],['874318156629762048'],['830134096567341056']
['831873161750777858'],['891356324289802240'],['831873161750777858'],['836691496636145664'],['891356324289802240'],['868644843614031872']
['837728913325436929'],['827911993709514754'],['827911993709514754'],['842646246192041985'],['915059102874824704'],['837728913325436929']
['848169663716626432'],['901760751152623616'],['901760751152623616'],['840555470788149248'],['848169663716626432'],['851888918207373312']
['925426206710878208'],['911557328897544193'],['925426206710878208'],['907637364759154689'],['831967975611707392'],['911557328897544193']
['818366770989907968'],['944973370520633344'],['894977549989761028'],['818366770989907968'],['824645908784680960'],['944973370520633344']
['863364746577313792'],['926920815198662657'],['926920815198662657'],['863364746577313792'],['849654610558058496'],['841354135349952513']
['893399193737474048'],['845724240552824832'],['845724240552824832'],['893399193737474048'],['817407111378440195'],['898633930911264768']
['849011970204413952'],['905162052817362945'],['905162052817362945'],['849011970204413952'],['918513758036725761'],['843889130606137344']
['931428836029366274'],['836997448715350020'],['931428836029366274'],['836997448715350020'],['881595365551734784'],['816343164676083714']
['821233209107218432'],['866905574822338561'],['868813502097567745'],['884809675413303296'],['821233209107218432'],['866905574822338561']
['900839107684958208'],['852576954435993600'],['852576954435993600'],['900839107684958208'],['825106228770697216'],['872197389276385280']
['863364746577313792'],['833266466342440960'],['893399193737474048'],['833266466342440960'],['863364746577313792'],['881595365551734784']
['872197389276385280'],['941257379060035584'],['941257379060035584'],['872197389276385280'],['944973370520633344'],['925426206710878208']
['900839107684958208'],['824353425966190593'],['905158707486629889'],['900839107684958208'],['824353425966190593'],['901760751152623616']
['825837382029209601'],['898238119144804352'],['825837382029209601'],['852576954435993600'],['895773430737502209'],['898238119144804352']
['848169663716626432'],['867703984580169730'],['867703984580169730'],['840555470788149248'],['837728913325436929'],['848169663716626432']
['821233209107218432'],['846751748672966657'],['846751748672966657'],['821233209107218432'],['849011970204413952'],['898957436526014466']
['909035573385551872'],['883090735326793733'],['937464406115536896'],['883090735326793733'],['909035573385551872'],['827911993709514754']
['931428836029366274'],['820002854136070144'],['902141686612193281'],['820002854136070144'],['849654610558058496'],['931428836029366274']
['825106228770697216'],['829085472332857344'],['829085472332857344'],['910900136376782848'],['902227588009132032'],['825106228770697216']
['868813502097567745'],['915059102874824704'],['851888918207373312'],['868813502097567745'],['915059102874824704'],['815557023366516736']
['855700279915933698'],['933639881145962498'],['891356324289802240'],['894977549989761028'],['855700279915933698'],['933639881145962498']
['839145863217889282'],['932714719814840320'],['924442245297778689'],['869116348806422528'],['932714719814840320'],['839145863217889282']
['929386800522645508'],['943208238039920640'],['905505634631680000'],['929386800522645508'],['836997448715350020'],['943208238039920640']
['816343164676083714'],['864837110527864832'],['864837110527864832'],['893852298807582720'],['816343164676083714'],['826774125087633409']
['842646246192041985'],['911557328897544193'],['911557328897544193'],['842646246192041985'],['918513758036725761'],['906447947092647936']
['868644843614031872'],['819864483141193728'],['830134096567341056'],['819864483141193728'],['868644843614031872'],['905162052817362945']
['831873161750777858'],['928300532124528642'],['888471355435495425'],['831873161750777858'],['941799493917437955'],['928300532124528642']
['818366770989907968'],['923249524981862400'],['866905574822338561'],['923249524981862400'],['818366770989907968'],['889056087009308672']
['913759942208839681'],['886531287103791104'],['817801846337261568'],['883023109460242432'],['913759942208839681'],['886531287103791104']
['817407111378440195'],['883029304875069440'],['907637364759154689'],['832979409518919681'],['883029304875069440'],['817407111378440195']
['917057431599026176'],['845724240552824832'],['845724240552824832'],['824645908784680960'],['921324851658461185'],['917057431599026176']
['830331776258154496'],['908986176438247425'],['841354135349952513'],['908986176438247425'],['830331776258154496'],['843889130606137344']
['874318156629762048'],['864764317597609985'],['864764317597609985'],['836691496636145664'],['874318156629762048'],['898633930911264768']
['881112328653197312'],['883987877922820100'],['881112328653197312'],['883987877922820100'],['913127148994646021'],['925041483568353280']
['926920815198662657'],['862031016478859265'],['862031016478859265'],['831967975611707392'],['926920815198662657'],['884809675413303296']
