Word,Value,Elo,RW,Best,Worst,Unchosen,BestWorst,ABW,David,ValueLogit,RWLogit,BestWorstLogit
['831873161750777858'],0.7131986822757126,1142.4236873115422,0.8477777878529174,5,0,1,125.5,2.3978952727983707,10000,0.9109703350743613,1.7172771835275575,125.5
['905162052817362945'],0.2872278924730676,-993.6597437362403,0.1879940277504966,0,5,1,-124.5,-2.3978952727983707,-9400,-0.9088857934393215,-1.4630975000809376,-124.5
['943208238039920640'],0.32695662468549613,-1086.8759544837555,0.24221571521317786,0,4,2,-99.5,-1.6094379124341003,-7700,-0.7219822623808293,-1.1405700461392327,-99.5
['926920815198662657'],0.36280137191212675,-700.7251661380412,0.2973922003555931,0,3,3,-74.5,-1.0986122886681098,-5900,-0.5632259253118331,-0.8597470333120223,-74.5
['820002854136070144'],0.3617111777066152,-814.9289774339121,0.30235970743875273,0,3,3,-74.5,-1.0986122886681098,-7400,-0.5679448386931182,-0.8360862369277786,-74.5
['867703984580169730'],0.5457688786275594,336.1807200959733,0.5772762584106644,2,1,3,25.5,0.336472236621213,2400,0.18358944049356396,0.31160206348290376,25.5
['918513758036725761'],0.5458138926451228,195.7204382897369,0.6011250547824528,1,0,5,25.5,0.336472236621213,1100,0.18377101954077016,0.4101550434750452,25.5
['869116348806422528'],0.7158055964580065,1123.407036372252,0.8306031300980204,5,0,1,125.5,2.3978952727983707,10800,0.9237500932687774,1.5899077951767446,125.5
['836691496636145664'],0.47212281243098186,69.05445340877586,0.49649122736338325,0,1,5,-24.5,-0.3364722366212129,200,-0.11162450978090349,-0.014035320943691493,-24.5
['911557328897544193'],0.31202241837755224,-914.7336269151149,0.2303714134385095,0,4,2,-99.5,-1.6094379124341003,-10700,-0.7906812135490231,-1.206215195855743,-99.5
['902141686612193281'],0.7119912575707732,864.0216678696206,0.8207396547273452,5,0,1,125.5,2.3978952727983707,9800,0.9050747973115979,1.521366759617562,125.5
['866905574822338561'],0.4549707341473408,-162.0070870837282,0.43674509872970557,0,1,5,-24.5,-0.3364722366212129,-1700,-0.1806063957067333,-0.2543825542318396,-24.5
['842646246192041985'],0.5504944318778464,283.9456677100447,0.5965168636011814,1,0,5,25.5,0.336472236621213,2300,0.20266860024478775,0.390972818528839,25.5
['846751748672966657'],0.5907736927371591,408.7579141413455,0.6570914247478473,2,0,4,50.5,0.6931471805599452,3900,0.36716469995233025,0.6503592964885296,50.5
['932714719814840320'],0.4942955398523878,-270.3666548055381,0.48916573349383524,1,1,4,0.5,0.0,-1200,-0.022818830684152164,-0.043343850552705766,0.5
['851888918207373312'],0.4529880884477329,-284.2460683337477,0.4372694400002695,0,1,5,-24.5,-0.3364722366212129,-1900,-0.18860474801167243,-0.25225136194058195,-24.5
['941257379060035584'],0.3292696995529073,-780.33186953591,0.2596920212693831,0,4,2,-99.5,-1.6094379124341003,-7900,-0.7114899490035894,-1.0475698917682124,-99.5
['883090735326793733'],0.277539259899657,-1565.62790994557,0.14183322665036588,0,5,1,-124.5,-2.3978952727983707,-10700,-0.9567006792532825,-1.8001465479593504,-124.5
['855700279915933698'],0.5749817803141304,85.41520787863917,0.5977156133417288,2,0,4,50.5,0.6931471805599452,1900,0.3022063160304814,0.3959558098540887,50.5
['931428836029366274'],0.5609117815239146,424.41917808672395,0.6228237916552941,1,0,5,25.5,0.336472236621213,3500,0.24486329483648173,0.5015511659543374,25.5
['815557023366516736'],0.6002397187145623,719.1626386464712,0.6823387417611146,2,0,4,50.5,0.6931471805599452,5200,0.40646403594427155,0.764540633973489,50.5
['868813502097567745'],0.6919538527549324,1181.3090011110903,0.8226737483704513,4,0,2,100.5,1.6094379124341003,11700,0.8092696661555538,1.5345684390937055,100.5
['906447947092647936'],0.48812377963427994,-202.8293280442245,0.4733494964919355,1,1,4,0.5,0.0,-1300,-0.047513818231551264,-0.10670313847796246,0.5
['845724240552824832'],0.3745348534176838,-379.35065917074616,0.33498417355491605,0,3,3,-74.5,-1.0986122886681098,-5100,-0.5128107423001944,-0.6857275519487768,-74.5
['849011970204413952'],0.7612631599999248,1674.5510286570773,0.9500294087643478,6,0,0,150.5,9.903437551286196,13500,1.1596172488077847,2.9450582836112424,150.5
['840555470788149248'],0.601335325216537,616.2091453352798,0.704086353298034,2,0,4,50.5,0.6931471805599452,4700,0.4110320749258906,0.8668333319241072,50.5
['921324851658461185'],0.6626353066615984,716.8354825142384,0.7189738686156412,4,0,2,100.5,1.6094379124341003,7000,0.6750602521770088,0.9393773537328908,100.5
['825837382029209601'],0.7026252400883394,1174.9878892530153,0.8517534348660752,5,0,1,125.5,2.3978952727983707,6500,0.859830501760199,1.7484202210568194,125.5
['894977549989761028'],0.394519453850241,-600.3601617734734,0.32455174705896145,0,2,4,-49.5,-0.6931471805599451,-5800,-0.4283539821602056,-0.7329315584167517,-49.5
['884809675413303296'],0.5695552080814061,82.2977294323024,0.5900565703788067,4,2,0,50.5,0.6931471805599452,3300,0.2800366456326931,0.36419924065631637,50.5
['915059102874824704'],0.3721573152634428,-561.1192910058586,0.3141732674763107,0,3,3,-74.5,-1.0986122886681098,-4700,-0.5229729777021881,-0.7806803783589763,-74.5
['888471355435495425'],0.5080911709353302,310.6460447978193,0.545271788322368,0,0,6,0.5,0.0,1100,0.03236750927898521,0.1815844610242084,0.5
['905158707486629889'],0.503809691237626,65.21164816737432,0.5277747458047826,1,1,4,0.5,0.0,500,0.01523905985622187,0.11121346967470122,0.5
['833266466342440960'],0.3689426794626836,-521.907190594805,0.3269029888641142,0,3,3,-74.5,-1.0986122886681098,-5900,-0.5367554074391211,-0.7222260098193019,-74.5
['923249524981862400'],0.26562150598140105,-1168.1516599776671,0.15916956298763316,0,5,1,-124.5,-2.3978952727983707,-16100,-1.0169521694939707,-1.6644199511017599,-124.5
['895773430737502209'],0.24570776650567452,-1526.7919465068235,0.08015093291748311,0,6,0,-149.5,-9.903437551286196,-10200,-1.1216369817605865,-2.440298080433148,-149.5
['817407111378440195'],0.6767206213467153,887.1044110576819,0.7948909096820571,4,0,2,100.5,1.6094379124341003,8500,0.7387416174088796,1.3546628992226857,100.5
['874318156629762048'],0.5155050253781802,229.19712357099814,0.5543324950571874,1,1,4,0.5,0.0,2100,0.06203999298132607,0.21819150891893538,0.5
['891356324289802240'],0.44961238178500906,-251.44891882924694,0.4241485142507164,0,1,5,-24.5,-0.3364722366212129,-2000,-0.20223695263274588,-0.30576612684815946,-24.5
['883029304875069440'],0.28490951539828974,-951.6469991062497,0.17583620558845472,0,5,1,-124.5,-2.3978952727983707,-8700,-0.9202374465499749,-1.5448163781321695,-124.5
['837728913325436929'],0.7563909208232893,1389.972382650299,0.9485095320973741,6,0,0,150.5,9.903437551286196,12400,1.132993527588572,2.913495137709999,150.5
['872197389276385280'],0.642971983112075,828.4503176467003,0.7611415758383083,3,0,3,75.5,1.0986122886681098,7300,0.5882868937673537,1.1589483708796307,75.5
['898957436526014466'],0.42520085880578323,-125.43701412092567,0.4337843918951019,0,2,4,-49.5,-0.6931471805599451,-1900,-0.3014589938740298,-0.2664273209246195,-49.5
['830134096567341056'],0.40899694923612057,-528.9460015765413,0.37303660384835835,0,2,4,-49.5,-0.6931471805599451,-4000,-0.3681134824952033,-0.5192116111145701,-49.5
['817801846337261568'],0.4612154251875874,-118.88862776604996,0.46785548576396196,1,2,3,-24.5,-0.3364722366212129,-600,-0.15545058174240872,-0.1287556386248945,-24.5
['881112328653197312'],0.629015400942896,647.2512359941294,0.7169478777282988,3,0,3,75.5,1.0986122886681098,4800,0.5279951914362402,0.9293720846944653,75.5
['924442245297778689'],0.6823135089295059,1007.4943601843826,0.7816812118935546,4,0,2,100.5,1.6094379124341003,9000,0.7644242233837633,1.2754906746171297,100.5
['901760751152623616'],0.41649537121999297,-450.03939829829255,0.3933703073309584,0,2,4,-49.5,-0.6931471805599451,-2900,-0.3371770364523588,-0.4331671173329115,-49.5
['824645908784680960'],0.41425009369589705,-448.01885969203227,0.3864549689397083,0,2,4,-49.5,-0.6931471805599451,-3500,-0.3464230349403858,-0.462238310337349,-49.5
['818366770989907968'],0.5371402593878036,-39.482542625781385,0.5492573363021631,1,0,5,25.5,0.336472236621213,500,0.1488351789217522,0.19767048193718015,25.5
['816343164676083714'],0.5987914207005797,593.6588578815255,0.6775021294672205,2,0,4,50.5,0.6931471805599452,5000,0.4004318850000859,0.7423161626590713,50.5
['864837110527864832'],0.29069241311911403,-1252.6802832532073,0.1856933045240878,0,5,1,-124.5,-2.3978952727983707,-8800,-0.8920235558814085,-1.4782406584367487,-124.5
['841354135349952513'],0.5920439322372127,626.1682254430715,0.6650979505926949,2,0,4,50.5,0.6931471805599452,3700,0.3724213504361671,0.6860962246916069,50.5
['907637364759154689'],0.4521327369703907,-402.01015835366405,0.43363722810327254,0,1,5,-24.5,-0.3364722366212129,-2200,-0.19205723427439622,-0.26702650802430766,-24.5
['933639881145962498'],0.3085105589737726,-1135.6924687917908,0.206421939092813,0,4,2,-99.5,-1.6094379124341003,-10200,-0.8070918117435371,-1.3466295885493844,-99.5
['886531287103791104'],0.3232659300604607,-801.0266063496135,0.23649250719570497,0,4,2,-99.5,-1.6094379124341003,-9300,-0.7388030917877885,-1.172006412986272,-99.5
['889056087009308672'],0.32551267817026713,-779.6782137013304,0.24718640797915306,0,4,2,-99.5,-1.6094379124341003,-7600,-0.7285514683514799,-1.113674903227466,-99.5
['832979409518919681'],0.4902259442276106,-277.1170820211836,0.4660366094416946,0,0,6,0.5,0.0,-1100,-0.03910120416083156,-0.13606308752956822,0.5
['937464406115536896'],0.5592516146863682,362.1873338663211,0.615757273940049,1,0,5,25.5,0.336472236621213,3500,0.2381253298272981,0.47157839805771895,25.5
['864764317597609985'],0.4437626912813319,-503.60126064243605,0.40193916510631506,1,2,3,-24.5,-0.3364722366212129,-3600,-0.22590507698224332,-0.3973917327817848,-24.5
['893399193737474048'],0.5671076111831614,547.8922631955128,0.6585441343992859,1,0,5,25.5,0.336472236621213,4200,0.2700599037236289,0.6568131077984366,25.5
['913127148994646021'],0.7092375336752593,1002.7731718377488,0.8573772722746356,5,0,1,125.5,2.3978952727983707,8700,0.8916838298446614,1.7936751698415827,125.5
['863364746577313792'],0.7579886137827794,1346.0421433939223,0.9470594647237952,6,0,0,150.5,9.903437551286196,12000,1.1416835886005694,2.8841925762083713,150.5
['831967975611707392'],0.4075077563371981,-554.9576358852738,0.3642231542140176,0,2,4,-49.5,-0.6931471805599451,-4200,-0.3742778156030425,-0.5570808895455406,-49.5
['881595365551734784'],0.4593393535287137,20.81043088265541,0.4703411512624771,0,1,5,-24.5,-0.3364722366212129,-1000,-0.16300254198629852,-0.11877483251726427,-24.5
['821233209107218432'],0.7218423915180612,1431.6240588412452,0.8772241740059159,5,0,1,125.5,2.3978952727983707,12200,0.953618930738873,1.9664024347017792,125.5
['909035573385551872'],0.5775598045678001,194.1687765820088,0.596594260211722,2,0,4,50.5,0.6931471805599452,2400,0.31276410722209613,0.3912943972554319,50.5
['843889130606137344'],0.5015539971792995,43.23661426742446,0.5323052870194911,0,0,6,0.5,0.0,300,0.0062160087320288744,0.12940141216355946,0.5
['862031016478859265'],0.40915537766911436,-420.754346718819,0.3698746971592466,0,2,4,-49.5,-0.6931471805599451,-4200,-0.3674580960607395,-0.5327544010520241,-49.5
['883987877922820100'],0.4075343634270622,-517.4486624488485,0.3657370334166344,0,2,4,-49.5,-0.6931471805599451,-4300,-0.3741676174281895,-0.5505490550006348,-49.5
['900839107684958208'],0.7654936057619899,1529.9416035353297,0.9539394418973005,6,0,0,150.5,9.903437551286196,13600,1.1830380069872137,3.030643180156487,150.5
['910900136376782848'],0.28081858920151687,-916.3592237770571,0.17785318275703585,0,5,1,-124.5,-2.3978952727983707,-10400,-0.9404047649484015,-1.530960594919459,-124.5
['824353425966190593'],0.24284509785616792,-1746.0866823476626,0.07479512518075607,0,6,0,-149.5,-9.903437551286196,-13500,-1.1371440761540337,-2.5152624878026137,-149.5
['829085472332857344'],0.5517677403480361,344.5675158282557,0.6039222162175181,1,0,5,25.5,0.336472236621213,2400,0.20781566269737187,0.4218347928859842,25.5
['908986176438247425'],0.2835425641320198,-1133.2119908263203,0.18204019997958876,0,5,1,-124.5,-2.3978952727983707,-11300,-0.9269565899462234,-1.5025856494704557,-124.5
['944973370520633344'],0.49886168571761386,35.45565234823089,0.5091087742063841,1,1,4,0.5,0.0,-200,-0.004553264996136849,0.036439128310364964,0.5
['825106228770697216'],0.6329253654212592,618.7767598681081,0.737495242572022,3,0,3,75.5,1.0986122886681098,4700,0.5447873177114589,1.0329904320407648,75.5
['839145863217889282'],0.6800323496692278,1006.1245834092149,0.8015635693525581,4,0,2,100.5,1.6094379124341003,8800,0.7539204721143505,1.3960954816741562,100.5
['830331776258154496'],0.715253920149512,894.3073260205092,0.8201450755468506,5,0,1,125.5,2.3978952727983707,9900,0.9210397774797698,1.5173306953509078,125.5
['898238119144804352'],0.3544848867849611,-1094.7706882908292,0.2533983067648245,0,3,3,-74.5,-1.0986122886681098,-8000,-0.5993829106230848,-1.0805692486059963,-74.5
['827911993709514754'],0.49641721165236147,-89.32613151507518,0.5041649874652188,1,1,4,0.5,0.0,-600,-0.014331398678138802,0.016660335213130734,0.5
['849654610558058496'],0.5502501553525944,164.17483408677097,0.6081795650009056,1,0,5,25.5,0.336472236621213,1900,0.20168147532676592,0.43966651467464796,25.5
['941799493917437955'],0.36078916313110054,-935.636049383557,0.27700308627063447,0,3,3,-74.5,-1.0986122886681098,-6800,-0.5719405960385486,-0.9593763055524015,-74.5
['929386800522645508'],0.7699320449325688,1523.0802845917772,0.9526091037779119,6,0,0,150.5,9.903437551286196,15700,1.2079275355195045,3.000774497660385,150.5
['913759942208839681'],0.557500491672391,376.8530952251529,0.6213659337933204,1,0,5,25.5,0.336472236621213,2100,0.2310240319341368,0.49534995960973993,25.5
['848169663716626432'],0.6472228842042371,933.7703029778978,0.7874078397701177,3,0,3,75.5,1.0986122886681098,7600,0.6068542663976285,1.3093707454426968,75.5
['925041483568353280'],0.28450037044020193,-1401.3062766500739,0.17001244145123476,0,5,1,-124.5,-2.3978952727983707,-10300,-0.9222465256201788,-1.5855390915983811,-124.5
['893852298807582720'],0.545954953499201,286.78397060471224,0.5783969865594482,2,1,3,25.5,0.336472236621213,2600,0.18434005510601748,0.316196316040522,25.5
['819864483141193728'],0.31661008615153186,-1181.0206983172068,0.2118447872193976,0,4,2,-99.5,-1.6094379124341003,-9600,-0.769394576139217,-1.3138411702233053,-99.5
['902227588009132032'],0.37753640856471676,-277.00525227192685,0.33781085118022486,0,3,3,-74.5,-1.0986122886681098,-4300,-0.5000181284067667,-0.6730651114695774,-74.5
['883023109460242432'],0.40799923490653117,-487.6728746694388,0.36916326930057464,0,2,4,-49.5,-0.6931471805599451,-4500,-0.3722426280974737,-0.5358080717385834,-49.5
['917057431599026176'],0.4282874339915112,99.3084601884979,0.4397525236098161,0,2,4,-49.5,-0.6931471805599451,-1500,-0.2888418131797771,-0.2421664858969976,-49.5
['868644843614031872'],0.6650265422389309,698.6443964408792,0.7699454543938005,4,0,2,100.5,1.6094379124341003,5700,0.6857756548784085,1.2080032382729562,100.5
['852576954435993600'],0.45877849073654176,-178.13814601621732,0.4565027426887955,0,1,5,-24.5,-0.3364722366212129,-1200,-0.16526113656890942,-0.17442995210542314,-24.5
['928300532124528642'],0.3644001270344564,-824.7426018122383,0.30451997038945255,0,3,3,-74.5,-1.0986122886681098,-6000,-0.5563167207987172,-0.825865628034071,-74.5
['925426206710878208'],0.45123987859370024,-461.35716806281715,0.4313047169479887,1,2,3,-24.5,-0.3364722366212129,-2900,-0.1956623290091672,-0.2765299198378726,-24.5
['898633930911264768'],0.6304624652641567,591.5480548850229,0.7310690402458488,3,0,3,75.5,1.0986122886681098,5000,0.5342013041997209,1.0000532101195279,75.5
['905505634631680000'],0.6072478823575809,778.4595050293518,0.7211597643169829,2,0,4,50.5,0.6931471805599452,5900,0.4357584116557537,0.9502217140183958,50.5
['836997448715350020'],0.582184459275479,274.1407839244273,0.6210391804038911,2,0,4,50.5,0.6931471805599452,2700,0.3317472928574479,0.4939613510169313,50.5
['826774125087633409'],0.5762895136978539,35.6012780684068,0.6076564705893883,2,0,4,50.5,0.6931471805599452,1800,0.30755975568616417,0.4374719002499902,50.5
