item_id,tweet_id_1,tweet_id_2,tweet_id_3,tweet_id_4
bws_1,895773430737502209,825106228770697216,843889130606137344,832979409518919681
bws_2,820002854136070144,816343164676083714,928300532124528642,841354135349952513
bws_3,830331776258154496,815557023366516736,902227588009132032,921324851658461185
bws_4,817801846337261568,889056087009308672,872197389276385280,901760751152623616
bws_5,833266466342440960,819864483141193728,825837382029209601,883023109460242432
bws_6,848169663716626432,925041483568353280,836691496636145664,863364746577313792
bws_7,898957436526014466,839145863217889282,827911993709514754,893399193737474048
bws_8,941257379060035584,881112328653197312,906447947092647936,851888918207373312
bws_9,883029304875069440,849011970204413952,826774125087633409,840555470788149248
bws_10,830134096567341056,868813502097567745,900839107684958208,925426206710878208
bws_11,913127148994646021,931428836029366274,831967975611707392,929386800522645508
bws_12,905158707486629889,894977549989761028,829085472332857344,883987877922820100
bws_13,874318156629762048,821233209107218432,932714719814840320,824645908784680960
bws_14,831873161750777858,933639881145962498,862031016478859265,908986176438247425
bws_15,910900136376782848,818366770989907968,881595365551734784,817407111378440195
bws_16,891356324289802240,852576954435993600,909035573385551872,911557328897544193
bws_17,926920815198662657,924442245297778689,836997448715350020,849654610558058496
bws_18,886531287103791104,893852298807582720,867703984580169730,866905574822338561
bws_19,898633930911264768,917057431599026176,837728913325436929,944973370520633344
bws_20,918513758036725761,842646246192041985,868644843614031872,905162052817362945
bws_21,846751748672966657,905505634631680000,884809675413303296,888471355435495425
bws_22,845724240552824832,855700279915933698,915059102874824704,923249524981862400
bws_23,941799493917437955,902141686612193281,864837110527864832,943208238039920640
bws_24,824353425966190593,898238119144804352,864764317597609985,883090735326793733
bws_25,937464406115536896,913759942208839681,869116348806422528,907637364759154689
bws_26,909035573385551872,925041483568353280,907637364759154689,836997448715350020
bws_27,864837110527864832,929386800522645508,839145863217889282,826774125087633409
bws_28,869116348806422528,928300532124528642,924442245297778689,849654610558058496
bws_29,895773430737502209,894977549989761028,898633930911264768,832979409518919681
bws_30,910900136376782848,925426206710878208,906447947092647936,886531287103791104
bws_31,818366770989907968,831873161750777858,845724240552824832,937464406115536896
bws_32,866905574822338561,819864483141193728,932714719814840320,868644843614031872
bws_33,921324851658461185,831967975611707392,867703984580169730,852576954435993600
bws_34,905158707486629889,830331776258154496,872197389276385280,898238119144804352
bws_35,841354135349952513,868813502097567745,941799493917437955,842646246192041985
bws_36,855700279915933698,883987877922820100,884809675413303296,908986176438247425
bws_37,827911993709514754,820002854136070144,923249524981862400,833266466342440960
bws_38,883090735326793733,883023109460242432,849011970204413952,843889130606137344
bws_39,830134096567341056,905505634631680000,883029304875069440,913759942208839681
bws_40,862031016478859265,881112328653197312,891356324289802240,931428836029366274
bws_41,836691496636145664,829085472332857344,944973370520633344,902141686612193281
bws_42,889056087009308672,933639881145962498,846751748672966657,864764317597609985
bws_43,851888918207373312,837728913325436929,817407111378440195,824353425966190593
bws_44,840555470788149248,941257379060035584,821233209107218432,815557023366516736
bws_45,915059102874824704,901760751152623616,825837382029209601,905162052817362945
bws_46,913127148994646021,888471355435495425,824645908784680960,943208238039920640
bws_47,926920815198662657,918513758036725761,898957436526014466,911557328897544193
bws_48,825106228770697216,817801846337261568,863364746577313792,881595365551734784
bws_49,874318156629762048,893852298807582720,917057431599026176,848169663716626432
bws_50,893399193737474048,902227588009132032,900839107684958208,816343164676083714
bws_51,928300532124528642,905505634631680000,825837382029209601,943208238039920640
bws_52,866905574822338561,845724240552824832,902141686612193281,913759942208839681
bws_53,862031016478859265,827911993709514754,868813502097567745,924442245297778689
bws_54,883029304875069440,840555470788149248,906447947092647936,891356324289802240
bws_55,833266466342440960,863364746577313792,843889130606137344,829085472332857344
bws_56,841354135349952513,830134096567341056,881595365551734784,905162052817362945
bws_57,819864483141193728,832979409518919681,842646246192041985,869116348806422528
bws_58,941257379060035584,817801846337261568,825106228770697216,908986176438247425
bws_59,889056087009308672,837728913325436929,898957436526014466,917057431599026176
bws_60,901760751152623616,907637364759154689,849011970204413952,881112328653197312
bws_61,909035573385551872,836997448715350020,893852298807582720,824353425966190593
bws_62,848169663716626432,929386800522645508,883090735326793733,868644843614031872
bws_63,816343164676083714,886531287103791104,839145863217889282,902227588009132032
bws_64,818366770989907968,925041483568353280,932714719814840320,884809675413303296
bws_65,925426206710878208,898238119144804352,820002854136070144,826774125087633409
bws_66,874318156629762048,937464406115536896,830331776258154496,931428836029366274
bws_67,831873161750777858,824645908784680960,817407111378440195,864764317597609985
bws_68,821233209107218432,910900136376782848,851888918207373312,941799493917437955
bws_69,864837110527864832,918513758036725761,852576954435993600,913127148994646021
bws_70,883023109460242432,815557023366516736,846751748672966657,883987877922820100
bws_71,944973370520633344,923249524981862400,905158707486629889,926920815198662657
bws_72,895773430737502209,894977549989761028,888471355435495425,921324851658461185
bws_73,915059102874824704,872197389276385280,898633930911264768,900839107684958208
bws_74,855700279915933698,867703984580169730,836691496636145664,893399193737474048
bws_75,831967975611707392,933639881145962498,849654610558058496,911557328897544193
bws_76,836691496636145664,874318156629762048,830331776258154496,906447947092647936
bws_77,937464406115536896,883023109460242432,868813502097567745,881112328653197312
bws_78,820002854136070144,829085472332857344,848169663716626432,888471355435495425
bws_79,815557023366516736,830134096567341056,855700279915933698,900839107684958208
bws_80,889056087009308672,863364746577313792,846751748672966657,852576954435993600
bws_81,917057431599026176,825106228770697216,841354135349952513,872197389276385280
bws_82,831873161750777858,944973370520633344,821233209107218432,895773430737502209
bws_83,891356324289802240,881595365551734784,913127148994646021,908986176438247425
bws_84,898957436526014466,913759942208839681,924442245297778689,827911993709514754
bws_85,842646246192041985,864764317597609985,931428836029366274,894977549989761028
bws_86,831967975611707392,923249524981862400,943208238039920640,868644843614031872
bws_87,866905574822338561,851888918207373312,840555470788149248,818366770989907968
bws_88,824645908784680960,837728913325436929,883029304875069440,907637364759154689
bws_89,898238119144804352,864837110527864832,898633930911264768,925041483568353280
bws_90,843889130606137344,845724240552824832,839145863217889282,941257379060035584
bws_91,883987877922820100,909035573385551872,902141686612193281,893399193737474048
bws_92,867703984580169730,905162052817362945,921324851658461185,926920815198662657
bws_93,932714719814840320,928300532124528642,817801846337261568,833266466342440960
bws_94,910900136376782848,915059102874824704,902227588009132032,836997448715350020
bws_95,929386800522645508,918513758036725761,905158707486629889,905505634631680000
bws_96,886531287103791104,849011970204413952,825837382029209601,849654610558058496
bws_97,816343164676083714,941799493917437955,824353425966190593,869116348806422528
bws_98,826774125087633409,883090735326793733,819864483141193728,862031016478859265
bws_99,925426206710878208,817407111378440195,893852298807582720,901760751152623616
bws_100,832979409518919681,911557328897544193,884809675413303296,933639881145962498
bws_101,917057431599026176,908986176438247425,943208238039920640,869116348806422528
bws_102,889056087009308672,832979409518919681,902141686612193281,839145863217889282
bws_103,932714719814840320,883029304875069440,923249524981862400,928300532124528642
bws_104,855700279915933698,910900136376782848,937464406115536896,909035573385551872
bws_105,883987877922820100,820002854136070144,941799493917437955,867703984580169730
bws_106,925041483568353280,881112328653197312,883090735326793733,819864483141193728
bws_107,902227588009132032,905505634631680000,825837382029209601,888471355435495425
bws_108,905158707486629889,898957436526014466,913127148994646021,833266466342440960
bws_109,933639881145962498,830331776258154496,895773430737502209,829085472332857344
bws_110,864764317597609985,864837110527864832,921324851658461185,815557023366516736
bws_111,941257379060035584,924442245297778689,898238119144804352,906447947092647936
bws_112,826774125087633409,824353425966190593,846751748672966657,886531287103791104
bws_113,817801846337261568,893852298807582720,913759942208839681,929386800522645508
bws_114,862031016478859265,883023109460242432,874318156629762048,830134096567341056
bws_115,831873161750777858,836691496636145664,891356324289802240,868644843614031872
bws_116,827911993709514754,842646246192041985,915059102874824704,837728913325436929
bws_117,901760751152623616,840555470788149248,848169663716626432,851888918207373312
bws_118,925426206710878208,907637364759154689,831967975611707392,911557328897544193
bws_119,894977549989761028,818366770989907968,824645908784680960,944973370520633344
bws_120,926920815198662657,863364746577313792,849654610558058496,841354135349952513
bws_121,845724240552824832,893399193737474048,817407111378440195,898633930911264768
bws_122,905162052817362945,849011970204413952,918513758036725761,843889130606137344
bws_123,931428836029366274,836997448715350020,881595365551734784,816343164676083714
bws_124,868813502097567745,884809675413303296,821233209107218432,866905574822338561
bws_125,852576954435993600,900839107684958208,825106228770697216,872197389276385280
bws_126,893399193737474048,833266466342440960,863364746577313792,881595365551734784
bws_127,941257379060035584,872197389276385280,944973370520633344,925426206710878208
bws_128,905158707486629889,900839107684958208,824353425966190593,901760751152623616
bws_129,825837382029209601,852576954435993600,895773430737502209,898238119144804352
bws_130,867703984580169730,840555470788149248,837728913325436929,848169663716626432
bws_131,846751748672966657,821233209107218432,849011970204413952,898957436526014466
bws_132,937464406115536896,883090735326793733,909035573385551872,827911993709514754
bws_133,902141686612193281,820002854136070144,849654610558058496,931428836029366274
bws_134,829085472332857344,910900136376782848,902227588009132032,825106228770697216
bws_135,851888918207373312,868813502097567745,915059102874824704,815557023366516736
bws_136,891356324289802240,894977549989761028,855700279915933698,933639881145962498
bws_137,924442245297778689,869116348806422528,932714719814840320,839145863217889282
bws_138,905505634631680000,929386800522645508,836997448715350020,943208238039920640
bws_139,864837110527864832,893852298807582720,816343164676083714,826774125087633409
bws_140,911557328897544193,842646246192041985,918513758036725761,906447947092647936
bws_141,830134096567341056,819864483141193728,868644843614031872,905162052817362945
bws_142,888471355435495425,831873161750777858,941799493917437955,928300532124528642
bws_143,866905574822338561,923249524981862400,818366770989907968,889056087009308672
bws_144,817801846337261568,883023109460242432,913759942208839681,886531287103791104
bws_145,907637364759154689,832979409518919681,883029304875069440,817407111378440195
bws_146,845724240552824832,824645908784680960,921324851658461185,917057431599026176
bws_147,841354135349952513,908986176438247425,830331776258154496,843889130606137344
bws_148,864764317597609985,836691496636145664,874318156629762048,898633930911264768
bws_149,881112328653197312,883987877922820100,913127148994646021,925041483568353280
bws_150,862031016478859265,831967975611707392,926920815198662657,884809675413303296
