id,text
['901760751152623616'],@Dragonsofmother Nice! Rijd lekker he😁en nee?wie ben je dan...🙃
['863364746577313792'],Love voor smaakt 't XL😍zo leuk met al die rubrieken erin😱vind het zo'n leuke serie!!! @vetgezellig ❤ https://t.co/5RIw6FfSVt
['933639881145962498'],@020centrum woonhuis wordt juicebar🤔P455 https://t.co/QQiII7UDSf
['926920815198662657'],@GroenLiesbeth Uitdaging😁maandag. Netbeheerder had al laten keuren. Weegt ook mee  laat ze eerst met elkaar praten. Wel zo fair denk ik
['846751748672966657'],@NUnl Het zal tijd worden!! Of geef slachthuizen glazen muren... dan eet niemand meer vlees😊Nog beter zelfs 😊
['851888918207373312'],@ManonKafka @Convex_Kafka @Geemigreerde Heb je hem gevraagd dat te bewijzen? Dat kan hij niet😊want ik heb dat nooit gedaan😊
['931428836029366274'],@hebawi Same here😢die gasten staan op en denken.... laat ik op deze mooie dag eens een paar levende wezens doodschieten.. heb ik zin😳
['819864483141193728'],@Bilal_Moslim dan kun je alles even rustig doorlezen. Tekst is niet veel meer/minder dan omvang koran😂Maar tenminste wel met zinvolle inhoud
['849011970204413952'],@essari Nou wat heb ik zitten balen gister zeg. K#twedstrijd. Wat waren ze slecht zeg. Je haalt er 1 uit en t is niets😡drama
['883029304875069440'],"Een foto zegt vaak meer dan woorden, soms, is het toch fijn dat er woorden zijn😉Wij zijn benieuwd de sessies @Astrid_Kaag #socialeveerkracht https://t.co/GXDTucnvEl"
['866905574822338561'],heb eindelijk potje kauwgom in me tas gemikt😍heb nooit kauwgom bij me echt dom
['831873161750777858'],Het bestuur spreek op hun site over Normen en Waarden😂leg jij uit aan een kind dat aantal volwassenen ???zo iets bepalen👊🏼 https://t.co/BwV19zfC7m
['848169663716626432'],Bij me andere foto's op me fanacc behaal ik maar de 20/30/40 likes. En bij deze over 200 in 16uur😱niet normaal @rutgervink &amp; @Thomasgrinsven https://t.co/zO9NxLrWz1
['839145863217889282'],#bedanktbbrave  ik moet het echt even gaan geloven😭ik vind het zo jammer 😱💔 ik hou even veel van jullie ik hoop dat jullie vrienden blijven💔
['843889130606137344'],Wlh @soufianeeddyani gijbent goed bezig❤jebentpas een rapper💪maar ni bang zijn😨je hebt tijd voor jouw zelf want jij gaat de baas zijn later❤
['845724240552824832'],"Westerbeek weer schoon @nederlandschoon😀maar raadslid Ron @VVDSintAnthonis waar was jij, we hadden ons toch beiden aangemeld? https://t.co/aewm0LZkMU"
['825837382029209601'],00naar @celinadeconinck ilysm😘en Jha die foto moest gewoon😂😂super mooie foto luv u misje❤️❤️ https://t.co/WvfqNS0rMN
['836691496636145664'],"Hans, daar wil ik t nog wel een robbertje over hebben😂niet te snel oordelen ajb"
['917057431599026176'],"@Geeknip 1. Halloween is mn minst favoriete holiday😛ik ben bang van alles, remember?😛  2. Ik ken geen enkel Halloweenliedje😛  3. Kerstliedjes=cosy"
['852576954435993600'],"@Rialist GGrrr.kan ik weer niets verkopen😂maar je hebt gelijk.daar kan idd geen bh onder,dat zal ook niet staan. Hier net sperziebonen gegeten.😞"
['830134096567341056'],@TJHSmolders @een @IljoKeisse @tomboonen1 hij rijdt in de wedstrijd dan ook genoeg voor Tom he😉Nu mag Tom is voor hem zitten dan he😉
['921324851658461185'],@KAnthonissen @openvld @de_NVA @MR_officiel Peeters weet weeral nie over wat ie praat😜zou hij nie beter onze gestolen arcopar teruggeven 👺
['824645908784680960'],Ook @JesperKleynen zo lang niet meer gezien hehe😥was leuk hoor^😘
['915059102874824704'],@jelle39177190 @123eke https://t.co/a08ahPZkNg #FemkeHalsema/jij staat dus😉niet al1 #vluchtelingenhulp🏃🏽‍♀️#VNmissie🌍#Nergensland⚓️#commons https://t.co/0vb6OFovjK
['909035573385551872'],@wilfredgenee maat ik heb al duizend keer op jou gestemd jij pakt de #ring niet alleen om je irritante optreden😜maar ook om #vullenofvoeden🥕
['898957436526014466'],"@elizemanis @BigBaldRocker @michelreining @MissyFrissie Van kamergeleerden naar niveautje kermis, attractiepark😊Badder ze, sis"
['864837110527864832'],@LINDAnieuws Zucht🙄laat ze dan lekker naar school gaan.
['829085472332857344'],"@Vincentgdevlugt Ach ach, jij bent me er toch eentje🤣hoe verzin je het altijd😉"
['820002854136070144'],@Rareseksfeiten raar😞een pornoster is toch jarenlang parlementslid geweest in Italie #cicciolina.
['816343164676083714'],Haha m'n artikel voor vrijdag is echt lachwekkend😂transparante gliter husjes komen er in voor🤣Oftewel: zoektermen via Google naar mijn blog
['826774125087633409'],@AykoMommaerts jaa😍ge moogt mee als ge wilt ze hahah
['905505634631680000'],@rene_romijnsen @EWdeVlieger Ooit geweest Cannes film festival zoooo niet 2016😂kan Nederland nog iets van leren🤣stijlvol&amp;beautiful peoples👌 https://t.co/8oSpZ78r1w
['937464406115536896'],@xKITKATRINA Oh😢wrm volg je me ni meer dan😤
['868813502097567745'],Hehe verslaggever #utraz tja.Toen kwamen er idd strafschoppen na 120 min..Waarbij #Matavz helaas miste😕Maar wat een pot was dat.Helemaal gek
['898633930911264768'],@MertabiMert @Carmeennnx Vet! Jammer dat ik niet kon stoppen anders had ik een foto gevraagd😜wel leuk je gezien te hebben
['893399193737474048'],@MauriceRegter96 @VI_nl Nee joh😱facking lelijk man had beter naar Groningen kunnen gaan
['840555470788149248'],W😍W! Zou dit een geweldige prijs zijn om te verloten? Voor je kind of kleinkind? ❤  Jaaa = volg Kal-fire &amp; delen... https://t.co/TkklaTVBUE
['905162052817362945'],@wesselhaites Werd even gestoord😉werk....
['898238119144804352'],Volgende week den haag😊o
['864764317597609985'],@2Mpact @ivanpouwels @Wissenraet @BSAE_be Ha @2Mpact wel naar t nieuwe pand lopen he😀jammer ben zelf en route
['833266466342440960'],@johan39schip dank je gaat  zeker lu😁kken
['817407111378440195'],@thijskeeper Nu al een toptoernooi! Heb een lange bal in de zaal gezien😂Prachtig. Dat SC Gottingen is ook een zwak niveau.
['893852298807582720'],@MeteoRoodescho1 Dan hebben we weer zo'n mooie dag🤣joepie🙋🏽
['883987877922820100'],@ockhams Extreem rechts en links kunnen elkaar de hand schudden😉extremisme is sowieso not done
['869116348806422528'],MORGENAVOND LOTING! W😍W! Wil jij een Volkswagen VW T1 winnen voor je kleine? Gaaf = Volg Total Car Lease  &amp;... https://t.co/tqYfMMupOQ
['815557023366516736'],Polder in geweest met wizzy en kan u vertellen.....het was niet te harden😂man man wat koud! Naar de thee!!! Met een oliebol😂 https://t.co/EUisFM8EOH
['929386800522645508'],Patty Brard vertrekt naar Ibiza https://t.co/xVu2is01Sj ze heeft gelijk! Met haar knappe Antoine😘Ibiza prachtig eiland!Nul gezeik economische gelukszoekers!Ik wordt ook niet oud!In Hollandistan for sure! Zodra nul verplichtingen!EXIT!😂👍👌
['894977549989761028'],@gewoonik_68 Dank je twitter😂koningin
['925426206710878208'],@Jonkina Ah kom er aan😂we gaan eten dus 😜
['867703984580169730'],@Missrevex Hahaha fijn he😂laatste maand leefde ik op rennie's!  En moest ik er wel 2/3x per nacht uit. Af en toe hoorde ik mijn ribben gewoon knakken😣
['883023109460242432'],@Ymirko Wat fijn Imir en rot voor je dat je 6 weken niet kon lopen🙁Been in 't gips? Heerlijk voor je deze dag!
['928300532124528642'],@mediamarkt_nl Ik heb nog niks besteld😅Ik vroeg me alleen af waarom ik verzendkosten moet betalen als ik iets ophaal😅
['925041483568353280'],"@Yen_li Om je te beschermen😂Volgens google verschillen de openingstijden. Rtd CS 0:00, Gouda bv 22:00🤔"
['891356324289802240'],"@wijkagtcobussen Dat wordt smikkelen en smullen strax😀fijne avond, weekend"
['905158707486629889'],Lieve @Laincha nogmaals bedankt voor de 9 jaren in gtst😍wat heb ik ervan genoten elke dag weer! #proudfan wat ga ik ga maxime missen..
['888471355435495425'],@POL_Charlois Ik zie nog een blauwe VW bus waardoor ik ben achterna gezeten en van won op mijn zundapp😄mooie foto's
['817801846337261568'],"#TVOH Ach, zieke zoon beleeft hier lol aan......ik stiekem ook wel😉Alleen dat hysterische taalgebruik van die aardige Waylon.....:-("
['907637364759154689'],@Bibietjuh gefeliciteerd wijffie😘zien we je man ook een 😉
['862031016478859265'],@estherouwehand @PartijvdDieren @mariannethieme @DieBallon @plasticsoupfoun mijn nieuwe expeditie gezien? RT is fijn😊https://t.co/RaJI8XjsLJ
['830331776258154496'],Het houd niet op niet van zelf😓#vvd Liever 12jaar #PVV dan nog 1 dag deze premier😒strategisch stemmen😣 Het linkse gevoel voor democratie😔 https://t.co/10WmJ6pjD2
['841354135349952513'],Aanklacht Turkse winkelier tegen Willem-Alexander 😂Ik😂voel😂me😂als😂Turkse😂burger😂beledigd😂 https://t.co/TbjuNRR7hL via @telegraaf
['943208238039920640'],@eventjes Ik met water en thee thuis. Bij wijn en bier is de kans ook bij mij aanzienlijk kleiner🤔Op het werk staat een normale pc en dat toetsenbord heeft al een aantal keren meegedronken😂met koffie
['821233209107218432'],@NHNieuws chaos/ stress dus😩gelukkig heeft onze overheid de IT goed op orde❓Probleem zal met een 🐹muisklik opgelost zijn❗
['886531287103791104'],https://t.co/4kYVZWRR2o😀Supper Officieel bereidt het Oostenrijkse leger 750 man voor om de grens in Tirol te bewaken.
['849654610558058496'],@m_roelofs1 Neuhhh...Ik heb mijn lesje😎wel geleerd😆
['911557328897544193'],"@ErikNevland @lindgrenaren Als jij het zegt, dan gaan we maar😉Groetjes!"
['924442245297778689'],Super! Super leuk!! Gesprek😀https://t.co/IfrihSYHF0 @Fluist3r  2:00.36
['906447947092647936'],"@eijer1960 Mogge!😘Net wakker en mijn hooft barst uit elkaar😩Koffie,ontbijtje en paracetamolletjes"
['818366770989907968'],Jeej school leuk😰kuch kuch
['913759942208839681'],"Ik heb een idee @MartijnKonings , maar dat mag ik niet tweeten🤣iets met m i l f ofzo https://t.co/MmN60i7Jlu"
['881112328653197312'],"Wat was het gisteren een geweldige, Share a Perfect Day-dag!  Heerlijk proeven😋en gezellig🎉 #sapd #haalmeeruitjezomer @JumboSupermarkt https://t.co/vdORFQOaiT"
['881595365551734784'],@Zjanette He jammer😕dacht ik een zeer bijzondere 🐱🐾 te hebben😆
['836997448715350020'],@IkDoeWatIkDoe volgende week komt gerana 😁ik kon deze week niet ivm vele afsp voor vrouwenopv. Maar je mag gerust op visite komen😁niceeee
['832979409518919681'],@mrbenncy dat is een super afstand .daar kun je weer trots op zijn 👍🏻nu lekker nagenieten😃fijn weekend nog
['872197389276385280'],Vandaag 100 wins in de middag gehaald en de peacekeeper gekregen😍en 4 supplies later krijg ik de banshii luck is back nu slapen goodnight❤
['913127148994646021'],Even goed volgen dit😉Zeer interessant!Goed journalistiek werk! Wel zorgwekkend!Ongelooflijk. Dat netwerk van oplichters rondom Trump #zembla
['941257379060035584'],@slydregtNU Toch las ik ergens dat die kennis er in de usa wel is😉 maar hier te weinig ingezet word😳of ik moet het mis hebben
['883090735326793733'],@JanBrinksma Gelukkig maar😱hier eigenlijk ook geen regen... Een paar spetters...
['884809675413303296'],👊🏼@marcelkittel gefeliciteerd! En ook Marcel draagt een sieraad van Sportsieraad😊De kleine bedel racefiets in geelgoud. #tourdefrance #TDF https://t.co/uZHVjOIkvI
['941799493917437955'],@Bramosaur Dat zou kunnen🙄maar idc zo lang je maar gwn naar die in Zwolle komt🙈
['874318156629762048'],@ArjenDubbelaar @HTM_Reisinfo Een soort vaseline😂om dit soort situaties te voorkomen. Tip @GemeenteDenHaag 😆https://t.co/ySofHINwFx
['908986176438247425'],Hoorde net weer City Lights😊Lekker hoor. @538  #feelgoodsaturday
['825106228770697216'],@omroepbrabant mijn favoriete game😱moet zien
['895773430737502209'],@Pol_Koppel En terecht😉gewoon laten voor wat het is
['824353425966190593'],@AnittaLie Slaap lekker lieve Margo❤een fijne rustige nacht met prachtige dromen 🍀👍🏻 welterusten😴gezond weer op dikke Knuffel tot morgen😘😘😘💤
['923249524981862400'],@ria_frieling Wie weet ga ik het ook eens proberen😀Fijne avond Ria.
['868644843614031872'],"Fonk, je kan ook vragen wat de reden is voor t verwijderen. Maar hoe dan ook ik blijf je stalken😉eh volgen. Stay Tough! ! ! #2 https://t.co/EpKV1zH15X"
['827911993709514754'],@LBuyckx die zijn zot😂ik heb alles ongelimiteerd en toch hebben die elke sms en minuut en mb aangerekend😪
['855700279915933698'],W😍W! Zou jij een poppenwagen met naam erop willen winnen voor je kleine?  Leuk = volg Het Winthager Shuuske &amp;... https://t.co/MT6UzcIF6S
['902227588009132032'],Morgen na 3 weken vakantie met ups en downs mag ik morgen weer aan het werk😃ff wat afleiding..(Heb ook wel genoten van de dagjes weg)
['889056087009308672'],https://t.co/Tl3WHQmJFk😁Muggen hebben ook zo hun culinaire voorkeuren.
['910900136376782848'],@Anouk mijn chihauha pup vond je nummer geweldig op de belgische tv😊met gespitste oortjes luisteren. https://t.co/IEg6sg29Je
['842646246192041985'],"Uit zichzelf vertrekken ho maar🤔#asscher &amp; #spekman #PvdA , geeft mss wel het failliet van de partij aan😊iets als in oogkleppen? WakeUp!"
['932714719814840320'],@renzeborkent @HuntedNL Zou zeggen doe zelf mee volgend jaar😏kan je zien hoe het werkt.
['900839107684958208'],@hendrikshelene ♥❤Juist een Prachtige😂Dag voor het Nederlandse Voetbal❤♥   🔥💪🔥FEYENOORD🔥💪🔥!! #ChampionsLeagueDraw #comeon #Feyenoord #soproud
['831967975611707392'],"@SamRaalte @VICESports ah ik heb iets gemist😅nette site, interessante stukjes!👏🏻"
['944973370520633344'],@NancyZoutman Pfff ook net thuis! Moet vanavond nog uiteten😬fijne dagen!🎄🍾
['902141686612193281'],@RTLnieuws Dat die sukkel er van de rechter zo bij mag zitten😳aanpakken die handel!
['837728913325436929'],@HetJulie OMG nooo😭dat is zo kut😭
['918513758036725761'],@KOOLEIN t besef da ik je alleen al dit jaar 4/5 keer op rij heb gemeet maak me echt blij😊Ik hoop je snel weer te zien❤(wou dit ff tweeten) https://t.co/9TjUmxtwpk