item_id,tweet_id_1,tweet_id_2
pc_1,864764317597609985,909035573385551872
pc_2,893399193737474048,864837110527864832
pc_3,943208238039920640,910900136376782848
pc_4,863364746577313792,911557328897544193
pc_5,908986176438247425,933639881145962498
pc_6,923249524981862400,845724240552824832
pc_7,902141686612193281,830134096567341056
pc_8,889056087009308672,924442245297778689
pc_9,881112328653197312,818366770989907968
pc_10,898633930911264768,833266466342440960
pc_11,894977549989761028,819864483141193728
pc_12,929386800522645508,816343164676083714
pc_13,921324851658461185,839145863217889282
pc_14,855700279915933698,817407111378440195
pc_15,928300532124528642,905505634631680000
pc_16,918513758036725761,817801846337261568
pc_17,915059102874824704,826774125087633409
pc_18,881595365551734784,846751748672966657
pc_19,820002854136070144,836997448715350020
pc_20,883023109460242432,905158707486629889
pc_21,917057431599026176,867703984580169730
pc_22,905162052817362945,832979409518919681
pc_23,831873161750777858,824353425966190593
pc_24,906447947092647936,891356324289802240
pc_25,944973370520633344,901760751152623616
pc_26,895773430737502209,821233209107218432
pc_27,886531287103791104,898957436526014466
pc_28,837728913325436929,872197389276385280
pc_29,925041483568353280,902227588009132032
pc_30,932714719814840320,868644843614031872
pc_31,827911993709514754,825837382029209601
pc_32,941257379060035584,851888918207373312
pc_33,825106228770697216,926920815198662657
pc_34,852576954435993600,831967975611707392
pc_35,866905574822338561,829085472332857344
pc_36,883090735326793733,824645908784680960
pc_37,869116348806422528,883029304875069440
pc_38,925426206710878208,898238119144804352
pc_39,888471355435495425,900839107684958208
pc_40,883987877922820100,931428836029366274
pc_41,913759942208839681,913127148994646021
pc_42,841354135349952513,868813502097567745
pc_43,893852298807582720,830331776258154496
pc_44,843889130606137344,941799493917437955
pc_45,849011970204413952,862031016478859265
pc_46,840555470788149248,884809675413303296
pc_47,874318156629762048,815557023366516736
pc_48,842646246192041985,937464406115536896
pc_49,848169663716626432,849654610558058496
pc_50,836691496636145664,907637364759154689
pc_51,918513758036725761,881595365551734784
pc_52,872197389276385280,830134096567341056
pc_53,827911993709514754,842646246192041985
pc_54,883090735326793733,924442245297778689
pc_55,901760751152623616,905505634631680000
pc_56,836997448715350020,816343164676083714
pc_57,851888918207373312,839145863217889282
pc_58,831967975611707392,883023109460242432
pc_59,821233209107218432,909035573385551872
pc_60,908986176438247425,937464406115536896
pc_61,862031016478859265,840555470788149248
pc_62,825106228770697216,941257379060035584
pc_63,864837110527864832,943208238039920640
pc_64,891356324289802240,831873161750777858
pc_65,833266466342440960,836691496636145664
pc_66,905158707486629889,921324851658461185
pc_67,843889130606137344,889056087009308672
pc_68,830331776258154496,893399193737474048
pc_69,867703984580169730,886531287103791104
pc_70,929386800522645508,855700279915933698
pc_71,818366770989907968,925041483568353280
pc_72,824645908784680960,883029304875069440
pc_73,841354135349952513,832979409518919681
pc_74,944973370520633344,895773430737502209
pc_75,898633930911264768,902227588009132032
pc_76,837728913325436929,925426206710878208
pc_77,817801846337261568,869116348806422528
pc_78,915059102874824704,917057431599026176
pc_79,906447947092647936,898238119144804352
pc_80,913759942208839681,888471355435495425
pc_81,825837382029209601,923249524981862400
pc_82,907637364759154689,941799493917437955
pc_83,913127148994646021,894977549989761028
pc_84,932714719814840320,905162052817362945
pc_85,902141686612193281,852576954435993600
pc_86,898957436526014466,868644843614031872
pc_87,863364746577313792,868813502097567745
pc_88,849654610558058496,846751748672966657
pc_89,931428836029366274,848169663716626432
pc_90,926920815198662657,817407111378440195
pc_91,911557328897544193,845724240552824832
pc_92,866905574822338561,883987877922820100
pc_93,824353425966190593,910900136376782848
pc_94,884809675413303296,874318156629762048
pc_95,881112328653197312,849011970204413952
pc_96,829085472332857344,819864483141193728
pc_97,815557023366516736,928300532124528642
pc_98,820002854136070144,900839107684958208
pc_99,933639881145962498,864764317597609985
pc_100,893852298807582720,826774125087633409
pc_101,898957436526014466,905162052817362945
pc_102,905505634631680000,937464406115536896
pc_103,918513758036725761,866905574822338561
pc_104,941257379060035584,874318156629762048
pc_105,883023109460242432,932714719814840320
pc_106,895773430737502209,929386800522645508
pc_107,925041483568353280,817801846337261568
pc_108,907637364759154689,915059102874824704
pc_109,821233209107218432,884809675413303296
pc_110,911557328897544193,902227588009132032
pc_111,820002854136070144,851888918207373312
pc_112,905158707486629889,941799493917437955
pc_113,901760751152623616,818366770989907968
pc_114,909035573385551872,831873161750777858
pc_115,888471355435495425,924442245297778689
pc_116,833266466342440960,868813502097567745
pc_117,836691496636145664,913127148994646021
pc_118,829085472332857344,852576954435993600
pc_119,819864483141193728,841354135349952513
pc_120,845724240552824832,883987877922820100
pc_121,849654610558058496,830134096567341056
pc_122,900839107684958208,913759942208839681
pc_123,883029304875069440,889056087009308672
pc_124,923249524981862400,898238119144804352
pc_125,830331776258154496,843889130606137344
pc_126,817407111378440195,921324851658461185
pc_127,893852298807582720,862031016478859265
pc_128,824353425966190593,849011970204413952
pc_129,933639881145962498,891356324289802240
pc_130,908986176438247425,928300532124528642
pc_131,893399193737474048,943208238039920640
pc_132,839145863217889282,825837382029209601
pc_133,881112328653197312,883090735326793733
pc_134,825106228770697216,867703984580169730
pc_135,855700279915933698,869116348806422528
pc_136,872197389276385280,848169663716626432
pc_137,925426206710878208,906447947092647936
pc_138,842646246192041985,910900136376782848
pc_139,836997448715350020,886531287103791104
pc_140,840555470788149248,864837110527864832
pc_141,881595365551734784,902141686612193281
pc_142,846751748672966657,837728913325436929
pc_143,832979409518919681,824645908784680960
pc_144,863364746577313792,864764317597609985
pc_145,944973370520633344,917057431599026176
pc_146,826774125087633409,894977549989761028
pc_147,831967975611707392,815557023366516736
pc_148,816343164676083714,926920815198662657
pc_149,827911993709514754,931428836029366274
pc_150,868644843614031872,898633930911264768
